bandid,captyr,captmo,captday,capttime,studyarea,lat,long,transmitterid,rspur,lspur,beardlength,age,sex,weight,birdcondition,typeoftransmitter,globalstarid,freq,captcomments,rewardband,bloodsample1,bloodsample2,hpaisample,cloacalsample,trachealswab,serum,skinscrape,feces,needlebruise,numberreleased,timereleased,timeinbox,recapture,sitename,sitechar,nettype
2586,2022,2,5,,4D,40.96240048,-78.17170341,10124,,,,A,F,4.4,G,GPS ACC,,915.76,"Recapture already having $100 reward band. Band 2586, mfg date Dec. 2014",Y,Y,,,Y,Y,Y,N,N,,,,,Yes,Gritzer and Ivicic,O,
4076,2022,3,21,,2D,40.91777976,-79.00397768,9692302,3,4,9.5,J,M,6.77,G,GPS,4640398,,,Y,,,,,,,,,,,,,No,Lenyok Site,AG,
4245,2022,3,8,,2D,40.73234859,-79.28190401,9694969,25,27,27,A,M,9.2,G,GPS,4640531,,ESN: 4640531,Y,,,,,,,,,,,,,No,Cake,AG,
4253,2022,1,28,,3D,41.5059454,-75.37860007,10084,,,,A,F,3.94,G,GPS ACC,,915.53,,Y,Y,,,Y,Y,N,N,N,,,,,No,Leon Zimanski Hemlock Rd,FO,
4254,2022,1,28,,3D,41.5059454,-75.37860007,10078,,,,A,F,4.16,G,GPS ACC,,915.47,,Y,Y,,,Y,Y,N,N,Y,,,,,No,Leon Zimanski Hemlock Rd,FO,
4255,2022,1,28,,3D,41.5059454,-75.37860007,10095,,,,A,F,5.72,G,GPS ACC,,915.64,,Y,Y,,,Y,Y,Y,N,Y,,,,,No,Leon Zimanski Hemlock Rd,FO,
4256,2022,1,28,,3D,41.5059454,-75.37860007,10072,,,,A,F,3.98,G,GPS ACC,,915.41,Servere hematoma on left wing,Y,Y,,,Y,Y,Y,N,Y,,,,,No,Leon Zimanski Hemlock Rd,FO,
4257,2022,1,28,,3D,41.5059454,-75.37860007,10070,,,,A,F,4.15,G,GPS ACC,,915.39,,Y,Y,,,Y,Y,N,N,N,,,,,No,Leon Zimanski Hemlock Rd,FO,
4268,2022,1,30,,3D,41.36262166,-75.08754099,9762,,,,A,F,4.3,G,GPS ACC,,915,,Y,Y,,,Y,Y,Y,N,Y,,,,,No,Pike 1,FO,
4269,2022,1,30,,3D,41.36262166,-75.08754099,10099,,,,J,F,1.9,G,GPS ACC,,915.68,,Y,Y,,,Y,Y,Y,N,Y,,,,,No,Pike 1,FO,
4271,2022,1,30,,3D,41.36262166,-75.08754099,10130,,,,J,F,2,G,GPS ACC,,915.82,,Y,Y,,,Y,Y,Y,N,Y,,,,,No,Pike 1,FO,
4412,2022,3,2,,4D,40.66171381,-78.17489524,9687286,15,14,24,A,M,16.4,G,GPS,4640147,,ESN: 4640147,Y,,,,,,,,,,,,,No,Neff lease,AG,
4413,2022,2,28,,4D,41.15802342,-77.22662418,9692427,3,2,8.6,J,M,6.4,F,GPS,4640404,,ESN: 4640404,Y,,,,,,,,,,,,,No,Kozen,AG,
4419,2022,1,29,,4D,40.82019221,-77.54533153,10126,,,,A,F,11,G,GPS ACC,,915.78,Male band used by mistake,Y,Y,,,Y,Y,N,N,Y,,,,,No,Heritage Home,FO,
4601,2022,1,14,,3D,40.84367741,-75.41607836,10117,,,,J,F,,G,GPS ACC,,915.69,,Y,Y,,,Y,Y,N,N,Y,,,,,No,Mitchell Copperhead Rd,FO,
4602,2022,1,14,,3D,40.84367741,-75.41607836,10119,,,,A,F,,G,GPS ACC,,915.71,Bleeding on left wing hematoma,Y,Y,,,Y,Y,Y,Y,Y,,,,,No,Mitchell Copperhead Rd,FO,
4603,2022,1,14,,3D,40.84367741,-75.41607836,10121,,,,A,F,,G,GPS ACC,,915.73,,Y,Y,,,Y,Y,N,N,N,,,,,No,Mitchell Copperhead Rd,FO,
4604,2022,1,14,,3D,40.84367741,-75.41607836,10143,,,,J,F,,F,GPS ACC,,915.95,Left leg appeared possibly dislocated upon release,Y,Y,,,Y,Y,Y,N,Y,,,,,No,Mitchell Copperhead Rd,FO,
4605,2022,1,14,,3D,40.84367741,-75.41607836,10139,,,,A,F,,G,GPS ACC,,915.91,,Y,Y,,,Y,Y,Y,N,Y,,,,,No,Mitchell Copperhead Rd,FO,
4610,2022,2,1,,3D,41.08239251,-75.28593351,10092,,,,A,F,4.6,F,GPS ACC,,915.61,,Y,Y,,,Y,Y,N,N,Y,,,,,No,Virginia Saylor Hillside Drive,O,
4613,2022,2,1,,3D,41.08239251,-75.28593351,10066,,,,J,F,4.2,G,GPS ACC,,915.35,,Y,Y,,,Y,Y,N,N,Y,,,,,No,Virginia Saylor Hillside Drive,O,
4614,2022,2,13,,3D,41.27702036,-75.53567481,10075,,,,A,F,3.94,G,GPS ACC,,915.44,,Y,Y,,,Y,Y,Y,N,Y,,,,,No,Roger Dunn,AG,
4620,2022,2,20,,3D,41.44403,-75.4829,10081,,,,J,F,3.6,G,GPS ACC,,915.5,,Y,Y,,,Y,Y,Y,N,Y,,,,,No,Rosa/Karsnak,O,
4621,2022,2,20,,3D,41.44403,-75.4829,10056,,,,J,F,3.59,G,GPS ACC,,915.16,,Y,Y,,,Y,Y,Y,N,Y,,,,,No,Rosa/Karsnak,O,
4626,2022,2,27,,3D,41.18029025,-75.42283346,9693649,9,7,5.5,J,M,5,G,GPS,4640465,,Second beard length- 4cm     Fair release   Transmitter Number- 9693649. Weight of bird was not taken and this weight is an estimated weight,Y,,,,,,,,,,,,,No,Patty Senerchia,O,
4629,2022,2,27,,3D,41.18029025,-75.42283346,9688482,29,30,23,A,M,6,G,GPS,4640207,,Good Release.  Transmitter Number - 9688482     Weight of bird was not taken and this weight is an estimated weight.,Y,,,,,,,,,,,,,No,Patty Senerchia,O,
4658,2022,3,8,,3D,41.32655843,-75.11505097,9693649,5,5,7,J,M,6.59,F,GPS,4640465,,GPS Transmitter 9693649     Missing wing feather,Y,,,,,,,,,,,,,No,Blooming Grove,FO,
4659,2022,3,8,,3D,41.32655843,-75.11505097,9688482,20,3,25.5,A,M,8.83,G,GPS,4640207,,GPS Transmitter 9688482      *Left spur was only a small nub*,Y,,,,,,,,,,,,,No,Blooming Grove,FO,
4660,2022,3,9,,3D,41.32656676,-75.11505281,10078,,,,A,F,4.21,G,GPS ACC,,915.47,Fair release,Y,Y,,,Y,Y,Y,N,Y,,,,,No,Blooming Grove,AG,
4662,2022,3,9,,3D,41.32656676,-75.11505281,10143,,,,A,F,3.18,G,GPS ACC,,915.95,,Y,Y,,,Y,Y,Y,N,N,,,,,No,Blooming Grove,AG,
4663,2022,3,18,,3D,40.89937818,-75.3256573,10089,,,,A,F,3.7,G,GPS ACC,,915.58,,Y,Y,,,Y,Y,Y,N,Y,,,,,No,Lenny Ventre,O,
4664,2022,3,18,,3D,40.89937818,-75.3256573,9762,,,,J,F,3,G,GPS ACC,,915,,Y,Y,,,Y,Y,Y,N,Y,,,,,No,Lenny Ventre,O,
4698,2022,2,9,,3D,41.36742647,-74.97278166,10134,,,,A,F,4.2,G,GPS ACC,,915.86,,Y,Y,,,Y,Y,Y,N,Y,,,,,No,SGL 180,AG,
4699,2022,2,9,,3D,41.36742647,-74.97278166,10089,,,,A,F,4.2,G,GPS ACC,,915.58,,Y,Y,,,Y,Y,Y,N,Y,,,,,No,SGL 180,AG,
4723,2022,3,7,,5C,40.42052349,-75.88134514,9688664,22,22,20.5,A,M,10.91,G,GPS,4640216,,Weight of turkey is with transmitter attached.,Y,N,,,N,N,N,N,N,,,,,No,Giorgio Pipeline,O,
4851,2023,2,14,1012,2D,41.04408362,-79.92206344,33835448,19,17,21,A,M,8.33,G,GPS,4656504,,Transmitter #51,Y,Y,Y,Y,Y,Y,Y,N,Y,1,1,1130,53,No,Smith,AG,Rocket
4852,2023,2,14,1012,2D,41.04408362,-79.92206344,33835760,20,20,22,A,M,7.87,G,GPS,4656520,,Transmitter #52,Y,Y,Y,Y,Y,Y,Y,N,Y,0,1,1130,55,No,Smith,AG,Rocket
4853,2023,2,14,1012,2D,41.04408362,-79.92206344,33836966,16,20,23.5,A,M,7.23,G,GPS,4656580,,Transmitter #76,Y,Y,Y,Y,Y,Y,Y,N,Y,0,2,1226,115,No,Smith,AG,Rocket
4854,2023,2,14,1012,2D,41.04408362,-79.92206344,9837329,23,24,21.1,A,M,7.96,G,GPS,4641294,,Transmitter #11,Y,Y,Y,Y,Y,Y,Y,N,Y,1,2,1226,111,No,Smith,AG,Rocket
4855,2023,2,14,1012,2D,41.04408362,-79.92206344,33826702,22,22,22.1,A,M,7.76,G,GPS,4656067,,Transmitter #40,Y,Y,Y,Y,Y,Y,Y,N,Y,0,2,1226,109,No,Smith,AG,Rocket
4856,2023,2,28,729,2D,41.03498978,-79.1565111,33830720,17,19,8.4,A,M,9.66,G,GPS,4656268,,Transmitter #36,Y,Y,Y,Y,Y,Y,Y,N,Y,0,3,0926,93,No,Montgomery,AG,Rocket
4857,2023,2,28,729,2D,41.03498978,-79.1565111,9845801,28,35,26.7,A,M,10.62,G,GPS,4641718,,Transmitter #20,Y,Y,Y,Y,Y,Y,Y,N,Y,0,3,0926,95,No,Montgomery,AG,Rocket
4858,2023,2,28,729,2D,41.03498978,-79.1565111,33832122,23,20,21.6,A,M,8.86,G,GPS,4656338,,Transmitter #42,Y,Y,Y,Y,Y,Y,Y,N,Y,0,3,0926,94,No,Montgomery,AG,Rocket
4859,2023,2,28,729,2D,41.03498978,-79.1565111,33832684,27,22,20.1,A,M,7.93,G,GPS,4656366,,Transmitter #37,Y,Y,Y,Y,Y,Y,N,N,N,0,3,0926,96,No,Montgomery,AG,Rocket
4876,2023,2,7,857,2D,41.28119,-79.772878,9832544,25,21,34,A,M,9.045,G,GPS,4641055,,Transmitter #5; old wound/callus on left foot,Y,Y,Y,Y,Y,Y,Y,N,Y,0,3,1113,109,No,Pine Creek Sportsman∆s Club,FO,Rocket
4877,2023,2,7,857,2D,41.28119,-79.772878,9840489,25,23,22.5,A,M,8.3,G,GPS,4641452,,Transmitter #56; feather loss on right wing-applied blue kote,Y,Y,Y,Y,Y,Y,Y,N,N,1,3,1113,107,No,Pine Creek Sportsman∆s Club,FO,Rocket
4878,2023,2,7,857,2D,41.28119,-79.772878,9847005,3,2,4.5,J,M,6.35,G,GPS,4641778,,Transmitter #57,Y,Y,Y,Y,Y,Y,Y,N,Y,0,3,1113,104,No,Pine Creek Sportsman∆s Club,FO,Rocket
4926,2023,1,14,1437,2D,41.12161283,-79.43545301,33837360,5,3,4.5,J,M,7.7,G,GPS,4656600,,Released alone because only bird caught ~ when released it run then flew,Y,Y,Y,Y,Y,Y,Y,N,N,0,0,1535,15,No,Borovick,AG,Rocket
4927,2023,2,22,1049,2D,41.243418,-79.530495,9691684,10,11,5.4,J,M,5.99,F,GPS,4640367,,Bird flew away very nice was released alone because only bird caught,Y,Y,Y,Y,Y,Y,Y,N,Y,0,0,1120,15,No,Kapp,AG,Rocket
4928,2023,2,23,933,2D,41.243418,-79.530495,33829003,26,14,23.7,A,M,10.43,G,GPS,4656182,,ITB - 9:40; PST - 9:50; PET - 10:05; Released with 6 other birds,Y,Y,Y,Y,Y,Y,Y,N,Y,0,4,1114,79,No,Kapp,AG,Rocket
4929,2023,2,23,933,2D,41.243418,-79.530495,33835604,5,6,3.7,J,M,6.27,G,GPS,4656512,,ITB - 9:40; PST - 10:07; PET - 10:21; Released with 6 other birds,Y,Y,Y,Y,Y,Y,Y,N,Y,0,4,1114,78,No,Kapp,AG,Rocket
4930,2023,2,23,1601,2D,41.02891146,-79.13483529,33837105,30,21,25.1,A,M,23.01,G,GPS,4656587,,ITB - 16:05; PST - 16:10; PET - 16:25,Y,Y,Y,Y,Y,Y,Y,N,Y,0,2,1655,35,No,Strayer 2,AG,Rocket
4931,2023,2,23,1601,2D,41.02891146,-79.13483529,9828682,28,27,26,A,M,12.04,G,GPS,4640862,,ITB - 16:05; PST - 16:23; PET - 16:34,Y,Y,Y,Y,Y,Y,Y,N,Y,0,2,1655,39,No,Strayer 2,AG,Rocket
4932,2023,2,23,1601,2D,41.02891146,-79.13483529,33836529,27,24,23.5,A,M,9.57,G,GPS,4656558,,ITB - 16:05; PST - 16:35; PET - 16:44,Y,Y,Y,N,Y,Y,Y,N,Y,0,2,1655,41,No,Strayer 2,AG,Rocket
4933,2023,2,28,1616,2D,41.09108597,-78.9474979,33832965,20,19,20.8,A,M,8.76,G,GPS,4656380,,ITB - 16:25; PST - 16:32; PET - 16:45,Y,Y,Y,Y,Y,Y,Y,N,N,0,4,1723,45,No,SGL 244,FO,Rocket
4934,2023,2,28,1616,2D,41.09108597,-78.9474979,33827106,21,20,22,A,M,8.25,G,GPS,4656087,,ITB - 16:25; PST - 16:44; PET - 16:54,Y,Y,Y,Y,Y,Y,Y,N,Y,0,4,1723,48,No,SGL 244,FO,Rocket
4935,2023,2,28,1616,2D,41.09108597,-78.9474979,33835588,15,17,22.8,A,M,7.1,G,GPS,4656511,,ITB - 16:25; PST - 16:55; PET - 17:03,Y,Y,Y,Y,Y,Y,Y,N,Y,0,4,1723,50,No,SGL 244,FO,Rocket
4936,2023,2,28,1616,2D,41.09108597,-78.9474979,9844705,19,18,22.8,A,M,7.51,G,GPS,4641663,,ITB - 16:25; PST - 17:03; PET - 17:12; bird pulled out beard with foot when coming out of box. Bird had no beard when released,Y,Y,Y,Y,Y,Y,Y,N,Y,0,4,1723,49,No,SGL 244,FO,Rocket
5101,2023,2,14,930,2D,40.77336,-79.86708,33837048,5,4,7,J,M,6.3,G,GPS,4656584,,,Y,Y,Y,Y,Y,Y,Y,N,N,0,4,1143,79,No,Berzonski property,AG,Rocket
5111,2023,3,16,1349,2D,41.04029377,-79.91899498,33835786,6,5,9.5,J,M,6.3,G,GPS,4656533,,,Y,Y,Y,Y,Y,Y,Y,N,N,0,3,1537,69,No,Smith 2,AG,Rocket
5112,2023,3,16,1349,2D,41.04029377,-79.91899498,9840489,6,7,11,J,M,7.7,G,GPS,4641452,,,Y,Y,Y,Y,Y,Y,Y,N,N,0,3,1537,152,No,Smith 2,AG,Rocket
5113,2023,3,16,1349,2D,41.04029377,-79.91899498,9828682,7,5,12,J,M,6.3,G,GPS,4640862,,,Y,Y,Y,Y,Y,Y,Y,N,N,0,3,1537,159,No,Smith 2,AG,Rocket
5115,2023,2,14,930,2D,40.77336,-79.86708,9845629,4,5,5,J,M,5.93,G,GPS,4641709,,,Y,Y,Y,Y,Y,Y,Y,N,N,0,4,1143,97,No,Berzonski property,AG,Rocket
5280,2022,12,30,745,4D,40.73280293,-78.19796013,33831405,1,1,3.2,J,M,5.7,G,GPS,4656302,,,Y,Y,N,Y,Y,Y,Y,N,Y,0,1,0918,63,No,Daughenbaugh,AG,Rocket
5281,2022,12,30,745,4D,40.73280293,-78.19796013,33827288,1,1,7.6,J,M,5.9,G,GPS,4656096,,,Y,Y,Y,Y,Y,Y,Y,N,Y,0,1,0935,80,No,Daughenbaugh,AG,Rocket
5282,2022,12,30,745,4D,40.73280293,-78.19796013,33831728,2,2,3.8,J,M,6.1,G,GPS,4656318,,,Y,Y,Y,Y,Y,Y,N,N,Y,0,1,0952,102,No,Daughenbaugh,AG,Rocket
5284,2023,1,10,749,4D,40.92827498,-77.9085,9845843,19,25,21.6,A,M,8.7,G,GPS,4641720,,,Y,Y,Y,Y,Y,Y,Y,N,N,1,1,0850,28,No,Vargo farm,AG,Rocket
5285,2023,1,10,749,4D,40.92827498,-77.9085,33837121,25,41,22.9,A,M,9.4,G,GPS,4656588,,,Y,Y,Y,Y,Y,Y,N,N,N,1,1,0850,28,No,Vargo farm,AG,Rocket
5286,2023,1,10,749,4D,40.92827498,-77.9085,33835844,43,41,23.5,A,M,8.5,G,GPS,4656524,,,Y,Y,Y,Y,Y,Y,N,N,Y,0,1,0909,47,No,Vargo farm,AG,Rocket
5288,2023,1,10,749,4D,40.92827498,-77.9085,33835943,25,25,21.6,A,M,8.9,G,GPS,4656529,,,Y,Y,N,Y,Y,Y,Y,N,N,0,1,0938,76,No,Vargo farm,AG,Rocket
5289,2023,1,10,749,4D,40.92827498,-77.9085,33837329,25,2,24.4,A,M,8.6,G,GPS,4656598,,Spur broken off on left leg,Y,N,Y,Y,Y,Y,N,N,N,1,1,0938,76,No,Vargo farm,AG,Rocket
5292,2023,1,21,1050,4D,40.58977283,-78.37971448,9840422,25,15,19.7,A,M,11.1,G,GPS,4641149,,Left leg triple spurs; central spur broken,Y,Y,Y,Y,Y,Y,N,N,N,0,1,1147,47,No,Miner Farm,O,Rocket
5293,2023,1,21,1050,4D,40.58977283,-78.37971448,33836941,23,19,21,A,M,9.6,G,GPS,4656579,,,Y,Y,N,Y,Y,Y,Y,N,Y,0,1,1147,47,No,Miner Farm,O,Rocket
5294,2023,1,21,1050,4D,40.58977283,-78.37971448,33828922,25,23,20.3,A,M,9.9,G,GPS,4656178,,,Y,Y,N,Y,Y,Y,Y,N,N,0,1,1220,80,No,Miner Farm,O,Rocket
5295,2023,1,21,1050,4D,40.58977283,-78.37971448,33835901,23,19,19.9,A,M,9.5,G,GPS,4656527,,,Y,Y,Y,Y,Y,Y,N,N,Y,0,1,1220,80,No,Miner Farm,O,Rocket
5301,2023,1,31,745,4D,40.83136985,-78.01964938,33832387,21,21,25.6,A,M,10.6,G,GPS,4656351,,Double beard. Second beard 7.6 cm,Y,Y,Y,Y,Y,Y,Y,N,Y,0,3,0905,65,No,Spackman Farms,AG,Rocket
5302,2023,1,31,745,4D,40.83136985,-78.01964938,33832742,19,19,20.7,A,M,9.9,G,GPS,4656369,,,Y,Y,Y,Y,Y,Y,Y,N,Y,0,3,0905,65,No,Spackman Farms,AG,Rocket
5303,2023,1,31,745,4D,40.83136985,-78.01964938,33832346,18.8,18.8,21.8,A,M,10.48,G,GPS,4656349,,,Y,Y,Y,Y,Y,Y,Y,N,Y,0,1,0830,30,No,Spackman Farms,AG,Rocket
5328,2023,1,15,808,4D,41.06776069,-77.19109489,9854001,1.6,1.6,8.25,J,M,6.6,G,GPS,4642128,,Released with 8802 and 6804.,Y,Y,Y,Y,Y,Y,Y,N,N,1,2,0858,10,No,Tom Jefferies,FO,Rocket
5359,2023,2,13,1330,4D,41.0279979,-77.3397622,33828161,8,8,11,J,M,6.98,G,GPS,4656140,,,Y,Y,Y,Y,Y,Y,Y,N,N,0,1,1445,15,No,Holdren Farm,AG,Rocket
5360,2023,3,15,920,4D,41.05413054,-76.93135823,33832205,25,28,25,A,M,,G,GPS,4656342,,,Y,Y,Y,Y,Y,Y,Y,N,N,0,0,0956,10,No,Josh Allen,AG,Rocket
5361,2023,3,16,1133,4D,40.68815154,-78.45392448,33835844,30,20,22,A,M,9.53,G,GPS,4656524,,,Y,Y,Y,Y,Y,Y,Y,N,N,0,2,1243,11,No,Hollis,AG,Rocket
5363,2023,3,16,1133,4D,40.68815154,-78.45392448,9841040,20,22,24,A,M,,G,GPS,4641480,,Tapeworms collected from cloaca,Y,Y,Y,Y,Y,Y,Y,N,Y,0,2,1309,42,No,Hollis,AG,Rocket
5365,2023,3,16,1133,4D,40.68815154,-78.45392448,9841123,20,19,21,A,M,9.89,G,GPS,4641484,,,Y,Y,Y,Y,Y,Y,Y,N,Y,0,1,1344,64,No,Hollis,AG,Rocket
5373,2023,3,16,1133,4D,40.68815154,-78.45392448,33835463,35,35,23,A,M,10.49,G,GPS,4656505,,,Y,Y,Y,Y,Y,Y,Y,N,Y,0,2,1243,22,No,Hollis,AG,Rocket
5375,2023,2,23,918,4D,40.90231578,-77.19567786,33830662,2,2,5.5,J,M,,G,GPS,4656265,,,Y,Y,Y,Y,Y,Y,Y,N,N,0,1,1155,125,No,Buttorff,AG,Rocket
5401,2023,1,24,756,4D,40.77429954,-77.22487355,33836180,3,5,7,J,M,6,G,GPS,4656541,,,Y,Y,Y,Y,Y,Y,Y,N,Y,0,1,0923,63,No,Romig Farm,FO,Rocket
5402,2023,1,24,756,4D,40.77429954,-77.22487355,33826801,5,5,8,J,M,7.2,G,GPS,4656072,,,Y,Y,N,Y,Y,Y,Y,N,Y,0,1,0923,63,No,Romig Farm,FO,Rocket
5403,2023,1,24,756,4D,40.77429954,-77.22487355,33836040,5,5,6.5,J,M,7.4,G,GPS,4656534,,,Y,Y,Y,Y,Y,Y,Y,N,N,0,1,0944,84,No,Romig Farm,FO,Rocket
5404,2023,1,24,756,4D,40.77429954,-77.22487355,33835505,5,4,6.5,J,M,6.6,G,GPS,4656507,,,Y,Y,N,Y,Y,Y,Y,N,N,0,1,0944,84,No,Romig Farm,FO,Rocket
5405,2023,1,24,756,4D,40.77429954,-77.22487355,33837444,22,26,20.6,A,M,10.6,G,GPS,4656604,,Mostly black melanistic male with 2 beards,Y,Y,N,Y,Y,Y,Y,N,Y,0,1,0957,97,No,Romig Farm,FO,Rocket
5552,2022,12,29,745,3D,41.21302,-75.66545,9845868,25,25,22,A,M,9.98,G,GPS,4641721,,,Y,Y,Y,Y,Y,Y,Y,N,N,0,2,0900,60,No,Bob Chase,O,Rocket
5553,2022,12,29,745,3D,41.21302,-75.66545,9830308,26,21,25,A,M,10.54,G,GPS,4640943,,Missing some feathers from right wing,Y,Y,Y,Y,Y,Y,Y,N,N,2,2,0900,75,No,Bob Chase,O,Rocket
5554,2022,12,29,745,3D,41.21302,-75.66545,9853987,4,4,4.6,J,M,6.75,G,GPS,4642127,,,Y,Y,N,Y,Y,Y,N,N,Y,1,2,0900,75,No,Bob Chase,O,Rocket
5555,2022,12,29,745,3D,41.21302,-75.66545,9851007,7,6,6.2,J,M,5.55,G,GPS,4641978,,,Y,Y,Y,Y,Y,Y,Y,N,Y,1,1,1030,285,No,Bob Chase,O,Rocket
5556,2022,12,29,745,3D,41.21302,-75.66545,9834920,2,2,5.3,J,M,6.38,G,GPS,4641174,,,Y,Y,Y,Y,Y,Y,Y,N,N,1,1,1030,285,No,Bob Chase,O,Rocket
5558,2023,1,11,815,3D,41.32365816,-75.59361222,33836545,5,6,8,J,M,6.78,G,GPS,4656559,,Released with 5 birds,Y,Y,Y,Y,Y,Y,Y,N,Y,1,4,0958,90,No,Randall Carter,O,Rocket
5559,2023,1,11,815,3D,41.32365816,-75.59361222,33835646,5,4,11.4,J,M,7.2,G,GPS,4656514,,Released with 5 birds. 2 beards 7.5 & 3.9 cm,Y,Y,Y,Y,Y,Y,Y,N,Y,0,4,0958,90,No,Randall Carter,O,Rocket
5560,2023,1,11,815,3D,41.32365816,-75.59361222,9841149,3,4,6.5,J,M,6.61,G,GPS,4641485,,Released with 5 birds,Y,Y,Y,Y,Y,Y,Y,N,Y,0,4,1045,135,No,Randall Carter,O,Rocket
5562,2023,1,11,815,3D,41.32365816,-75.59361222,9853961,3,4,8.2,J,M,7.07,G,GPS,4642126,,Released with 5 birds,Y,Y,Y,Y,Y,Y,Y,N,Y,0,4,1145,135,No,Randall Carter,O,Rocket
5563,2023,1,27,720,3D,41.50899114,-75.2526241,33836123,2,3,4.3,J,M,6.01,G,GPS,4656538,,,Y,Y,Y,Y,Y,Y,Y,N,Y,0,1,0826,34,No,Randy & Joe Rowe,AG,Rocket
5564,2023,1,27,720,3D,41.50899114,-75.2526241,9849126,5,3,2.6,J,M,6.05,G,GPS,4641884,,,Y,Y,Y,Y,Y,Y,Y,N,Y,0,1,0917,82,No,Randy & Joe Rowe,AG,Rocket
5565,2023,1,27,720,3D,41.50899114,-75.2526241,9836842,5,6,0,J,M,4.79,G,GPS,4641270,,,Y,Y,Y,Y,Y,Y,Y,N,Y,0,2,0937,109,No,Randy & Joe Rowe,AG,Rocket
5566,2023,2,23,845,3D,41.32422646,-75.28349705,9852187,27,26,28.6,A,M,10.01,G,GPS,4642037,,Previous injury to middle toe on right foot. Healed but missing nail,Y,Y,Y,Y,Y,Y,Y,N,Y,0,1,0954,46,No,Peifer,O,Rocket
5567,2023,2,23,845,3D,41.32422646,-75.28349705,33837469,25,0,29.6,A,M,9.72,G,GPS,4656605,,Left spur missing,Y,Y,Y,Y,Y,Y,Y,N,Y,0,1,0954,49,No,Peifer,O,Rocket
5568,2023,2,25,845,3D,41.54653834,-75.44055513,9845868,7,6,8,J,M,5.88,G,GPS,4641721,,,Y,Y,Y,Y,Y,Y,Y,N,Y,0,3,1044,82,No,Corey Furdin,AG,Rocket
5569,2023,2,25,845,3D,41.54653834,-75.44055513,9853987,5,5,5,J,M,4.76,G,GPS,4642127,,,Y,Y,Y,Y,Y,Y,Y,N,Y,0,3,1044,72,No,Corey Furdin,AG,Rocket
5601,2023,1,24,1308,3D,41.31485464,-75.59477023,33835422,24,23,18.8,A,M,8.9,G,GPS,4656503,,,Y,Y,Y,Y,Y,Y,Y,N,Y,0,2,1405,20,No,Robert Benjamin,O,Rocket
5603,2023,1,24,1308,3D,41.31485464,-75.59477023,33835802,27,26,21,A,M,8.74,G,GPS,4656522,,,Y,Y,Y,Y,Y,Y,Y,N,Y,0,2,1426,42,No,Robert Benjamin,O,Rocket
5607,2023,2,3,1100,3D,41.53189,-75.19436,9845868,27,18,19,A,M,8.53,G,GPS,4641721,,"Upon release birds right leg was hanging, clipped small fence",Y,Y,Y,Y,Y,Y,Y,N,Y,0,2,1245,63,No,Gary Brown,O,Rocket
5608,2023,2,3,1100,3D,41.53189,-75.19436,9853888,20,20,11.5,A,M,8.17,G,GPS,4242122,,0.5 cc of blood drawn for blood draw #2,Y,Y,Y,Y,Y,Y,Y,N,Y,0,2,1245,67,No,Gary Brown,O,Rocket
5609,2023,2,3,1100,3D,41.53189,-75.19436,33828666,18,19,19.1,A,M,7.14,G,GPS,4656165,,Good release,Y,Y,Y,Y,Y,Y,Y,N,Y,0,2,1245,69,No,Gary Brown,O,Rocket
5611,2023,2,12,715,3D,41.11697445,-75.48756488,9847286,21,19,20.1,A,M,9.02,G,GPS,4641792,,,Y,Y,Y,Y,Y,Y,Y,N,Y,1,3,0856,58,No,Pocono Lake Preserve,AG,Rocket
5612,2023,2,12,715,3D,41.11697445,-75.48756488,9834920,27,27,23.1,A,M,8.75,G,GPS,4641174,,,Y,Y,Y,Y,Y,Y,Y,N,Y,1,3,0856,49,No,Pocono Lake Preserve,AG,Rocket
5614,2023,2,12,715,3D,41.11697445,-75.48756488,9851148,19,20,23.3,A,M,7.99,G,GPS,4641985,,,Y,Y,Y,Y,Y,Y,Y,N,Y,0,1,0950,111,No,Pocono Lake Preserve,AG,Rocket
5615,2023,2,12,715,3D,41.11697445,-75.48756488,33836727,27,25,24.2,A,M,8.23,G,GPS,4656568,,,Y,Y,Y,Y,Y,Y,Y,N,Y,0,1,0950,107,No,Pocono Lake Preserve,AG,Rocket
5616,2023,2,12,715,3D,41.11697445,-75.48756488,33837162,26,30,26.4,A,M,7.87,G,GPS,4656590,,,Y,Y,Y,Y,Y,Y,Y,N,Y,0,2,1035,145,No,Pocono Lake Preserve,AG,Rocket
5617,2023,3,3,647,3D,41.33873,-75.44221,33836545,24,26,17.5,A,M,7.07,G,GPS,4656559,,,Y,Y,Y,Y,Y,Y,Y,N,Y,0,2,0745,31,No,Ed Mattern,AG,Rocket
5618,2023,3,3,647,3D,41.33873,-75.44221,9838665,20,21,21.2,A,M,8.26,G,GPS,4641361,,,Y,Y,Y,Y,Y,Y,Y,N,Y,0,2,0745,36,No,Ed Mattern,AG,Rocket
5619,2023,3,3,647,3D,41.33873,-75.44221,33832247,24,24,22.2,A,M,8.7,G,GPS,4656344,,,Y,Y,N,Y,Y,Y,Y,N,Y,0,2,0754,46,No,Ed Mattern,AG,Rocket
5620,2023,3,3,647,3D,41.33873,-75.44221,9828807,22,22,20,A,M,8.81,G,GPS,4640868,,,Y,Y,Y,Y,Y,Y,Y,N,Y,0,2,0754,43,No,Ed Mattern,AG,Rocket
5851,2023,1,20,730,5C,40.49221537,-75.92635822,9853920,20,24,24,A,M,8.1,G,GPS,4642124,,,Y,Y,Y,Y,Y,Y,Y,N,Y,0,1,1100,157,No,Brown Property,O,Rocket
5852,2023,1,20,730,5C,40.49221537,-75.92635822,9853946,28,28,24,A,M,8.8,G,GPS,4642125,,"Mature Gobbler with 4 beards: 24, 11.5, 4, and 17 cm",Y,Y,Y,Y,Y,Y,Y,N,Y,1,1,1100,157,No,Brown Property,O,Rocket
5853,2023,1,20,730,5C,40.49221537,-75.92635822,33826744,6,5,6.3,J,M,6.9,G,GPS,4656069,,,Y,Y,Y,Y,Y,Y,Y,N,Y,0,1,1145,214,No,Brown Property,O,Rocket
5854,2023,1,20,730,5C,40.49221537,-75.92635822,33826900,5,6,6,J,M,6.6,G,GPS,4656077,,,Y,Y,Y,Y,Y,Y,Y,N,Y,1,1,1145,180,No,Brown Property,O,Rocket
5855,2023,1,27,830,5C,40.34882918,-75.55819529,33836784,19,19,24.6,A,M,8.5,G,GPS,4656571,,,Y,Y,Y,Y,Y,Y,Y,N,Y,2,4,1030,85,No,Moyer Property,AG,Rocket
5856,2023,1,27,830,5C,40.34882918,-75.55819529,33829060,19,19,24.6,A,M,8.2,G,GPS,4656185,,,Y,Y,Y,Y,Y,Y,Y,N,Y,1,4,1030,103,No,Moyer Property,AG,Rocket
5857,2023,1,27,830,5C,40.34882918,-75.55819529,33826660,18,18,23.5,A,M,8.9,G,GPS,4656065,,,Y,Y,Y,Y,Y,Y,Y,N,Y,1,4,1030,102,No,Moyer Property,AG,Rocket
5859,2023,2,3,730,5C,40.29958775,-75.40076417,9691668,5,6,7.5,J,M,8.45,G,GPS,4640366,,May possibly have domestic genes,Y,Y,Y,Y,Y,Y,Y,N,Y,2,1,0900,80,No,Zucca property,O,Rocket
5860,2023,2,7,830,5C,39.95368608,-75.88912516,33827981,24,24,21,A,M,9.8,G,GPS,4656131,,,Y,Y,Y,Y,Y,Y,Y,N,Y,0,1,1000,80,No,Gilbert property,AG,Rocket
5861,2023,2,7,830,5C,39.95368608,-75.88912516,33831322,5,5,7,J,M,5.8,G,GPS,4656298,,,Y,Y,Y,Y,Y,Y,Y,N,Y,0,1,1000,80,No,Gilbert property,AG,Rocket
5862,2023,2,7,830,5C,39.95368608,-75.88912516,9836107,30,31,27,A,M,9.4,G,GPS,4641233,,,Y,Y,Y,Y,Y,Y,Y,N,Y,0,2,1045,130,No,Gilbert property,AG,Rocket
5863,2023,2,7,830,5C,39.95368608,-75.88912516,33833344,25,24,25.6,A,M,9.5,G,GPS,4656399,,,Y,Y,Y,Y,Y,Y,Y,N,Y,2,2,1045,130,No,Gilbert property,AG,Rocket
5864,2023,2,7,830,5C,39.95368608,-75.88912516,33826405,25,25,25.5,A,M,8.8,G,GPS,4656052,,,Y,Y,Y,Y,Y,Y,Y,N,Y,0,2,1045,130,No,Gilbert property,AG,Rocket
5867,2023,3,6,1730,5C,40.91479199,-75.08490819,9841024,7,6,5.9,J,M,8.5,G,GPS,4641479,,,Y,Y,Y,Y,Y,Y,Y,N,Y,0,2,1815,30,No,Portland Power Plant,O,Rocket
5869,2023,3,8,700,5C,40.83745476,-75.10882532,9854001,24,23,23.7,A,M,9.5,G,GPS,4642128,,HPAI=Yes,Y,Y,Y,Y,Y,Y,Y,N,Y,0,2,1045,154,No,Angle Property,AG,Rocket
5870,2023,3,8,700,5C,40.83745476,-75.10882532,33832387,21,26,21.4,A,M,10.1,G,GPS,4656351,,HPAI=Yes,Y,Y,Y,Y,Y,Y,Y,N,Y,0,2,1045,162,No,Angle Property,AG,Rocket
5871,2023,3,8,700,5C,40.83745476,-75.10882532,33836024,6,4,9.6,J,M,7.2,G,GPS,4656533,,HPAI=Yes,Y,Y,Y,Y,Y,Y,Y,N,Y,0,2,1045,164,No,Angle Property,AG,Rocket
5873,2023,2,15,1715,5C,40.77537802,-75.52257142,33837063,21,20,18.6,A,M,9.35,G,GPS,4656585,,,Y,Y,Y,Y,Y,Y,Y,N,Y,0,4,1830,60,No,Frey Property,O,Rocket
5874,2023,2,15,1715,5C,40.77537802,-75.52257142,33836248,21,24,21.2,A,M,9.16,G,GPS,4656544,,,Y,Y,Y,Y,Y,Y,Y,N,N,0,4,1830,60,No,Frey Property,O,Rocket
5875,2023,2,15,1715,5C,40.77537802,-75.52257142,9850629,8,24,22.5,A,M,8.49,G,GPS,4641959,,"right spur previously broken, not pointy",Y,Y,Y,Y,Y,Y,Y,N,Y,1,4,1830,60,No,Frey Property,O,Rocket
5876,2023,2,15,1715,5C,40.77537802,-75.52257142,9845728,4,5,7.9,J,M,6.79,G,GPS,4641714,,,Y,Y,Y,Y,Y,Y,Y,N,Y,1,4,1830,60,No,Frey Property,O,Rocket
5877,2023,2,15,1715,5C,40.77537802,-75.52257142,33826769,23,20,23.9,A,M,8.69,G,GPS,4656070,,"double beard = 10.9 cm, 23.5 cm",Y,Y,Y,Y,Y,Y,Y,N,Y,2,4,1830,60,No,Frey Property,O,Rocket
5878,2023,2,16,815,5C,40.48526692,-75.14401185,33830778,20,21,25.8,A,M,7.9,G,GPS,4656271,,,Y,Y,Y,Y,Y,Y,Y,N,Y,0,2,1030,90,No,Tinicum,FO,Rocket
5879,2023,2,16,815,5C,40.48526692,-75.14401185,9845645,7,6,10,J,M,7.2,G,GPS,4641710,,,Y,Y,Y,Y,Y,Y,Y,N,Y,0,2,1030,90,No,Tinicum,FO,Rocket
5880,2023,2,24,1530,5C,40.75486351,-75.34820203,33827981,5,5,7,J,M,6.1,G,GPS,4656131,,"number of birds released with is actually 5, HPAI swab = Yes",Y,Y,Y,Y,Y,Y,Y,N,Y,0,4,1730,90,No,Bushkill Twsp Open Space Knauss Rd Farm Property,AG,Rocket
5881,2023,2,24,1530,5C,40.75486351,-75.34820203,9845702,6,5,5.9,J,M,6.1,G,GPS,4641713,,"number of birds released with is actually 5, HPAI swab = Yes",Y,Y,Y,Y,Y,Y,Y,N,Y,0,4,1730,90,No,Bushkill Twsp Open Space Knauss Rd Farm Property,AG,Rocket
5882,2023,2,24,1530,5C,40.75486351,-75.34820203,33826561,5,6,7.8,J,M,6.6,G,GPS,4656060,,HPAI swab = Yes,Y,Y,Y,Y,Y,Y,Y,N,Y,0,3,1830,150,No,Bushkill Twsp Open Space Knauss Rd Farm Property,AG,Rocket
5888,2023,3,22,715,5C,40.91479199,-75.08490819,9839929,23,21,29,A,M,12,G,GPS,4641424,,,Y,Y,Y,Y,Y,Y,Y,N,Y,0,0,0830,30,No,Portland Power Plant,FO,Rocket
8164,2022,2,2,,2D,40.72508718,-79.31320791,10083,,,,J,F,3.615,G,GPS ACC,,915.52,,Y,Y,,,Y,Y,Y,N,N,,,,,No,Keystone Lake,AG,
8165,2022,2,2,,2D,40.72508718,-79.31320791,10077,,,,J,F,4.14,G,GPS ACC,,915.46,,Y,Y,,,Y,Y,Y,N,N,,,,,No,Keystone Lake,AG,
8166,2022,2,2,,2D,40.72508718,-79.31320791,10074,,,,A,F,4.375,G,GPS ACC,,915.43,,Y,Y,,,Y,Y,Y,N,Y,,,,,No,Keystone Lake,AG,
8168,2022,2,2,,2D,40.72508718,-79.31320791,10080,,,9,A,F,4.625,G,GPS ACC,,915.49,,Y,Y,,,Y,Y,Y,N,N,,,,,No,Keystone Lake,AG,
8169,2022,2,2,,2D,40.72508718,-79.31320791,10071,,,7,A,F,4.23,G,GPS ACC,,915.4,,Y,Y,,,Y,Y,Y,N,N,,,,,No,Keystone Lake,AG,
8172,2022,3,8,,2D,40.73234859,-79.28190401,10115,,,,J,F,5,G,GPS ACC,,915.31,,Y,Y,,,Y,Y,Y,N,Y,,,,,No,Cake,AG,
8173,2022,3,8,,2D,40.73234859,-79.28190401,10097,,,,A,F,5,G,GPS ACC,,915.66,,Y,Y,,,Y,Y,Y,N,N,,,,,No,Cake,AG,
8174,2022,3,8,,2D,40.73234859,-79.28190401,10068,,,,A,F,5,G,GPS ACC,,915.37,,Y,Y,,,Y,Y,Y,N,N,,,,,No,Cake,AG,
8175,2022,3,8,,2D,40.73234859,-79.28190401,10144,,,,J,F,4.7,G,GPS ACC,,915.96,,Y,Y,,,Y,Y,Y,N,N,,,,,No,Cake,AG,
8176,2022,3,8,,2D,40.73234859,-79.28190401,10091,,,,J,F,5.6,G,GPS ACC,,915.6,,Y,Y,,,Y,Y,Y,N,N,,,,,No,Cake,AG,
8177,2022,2,24,,2D,40.93338423,-79.43997225,10100,,,,A,F,4.4,G,GPS ACC,,915.01,,Y,Y,,,Y,Y,Y,N,N,,,,,No,SGL 287,AG,
8178,2022,2,24,,2D,40.93338423,-79.43997225,10136,,,,J,F,4.85,G,GPS ACC,,915.88,,Y,Y,,,Y,Y,Y,N,N,,,,,No,SGL 287,AG,
8179,2022,2,24,,2D,40.93338423,-79.43997225,10098,,,,A,F,4.7,G,GPS ACC,,915.67,,Y,Y,,,Y,Y,Y,N,N,,,,,No,SGL 287,AG,
8180,2022,2,24,,2D,40.93338423,-79.43997225,10094,,,,J,F,4.4,G,GPS ACC,,915.63,,Y,Y,,,Y,Y,Y,N,N,,,,,No,SGL 287,AG,
8181,2022,2,24,,2D,40.93338423,-79.43997225,10129,,,,J,F,4.43,G,GPS ACC,,915.81,,Y,Y,,,Y,Y,Y,N,N,,,,,No,SGL 287,AG,
8183,2022,2,24,,2D,40.93338423,-79.43997225,10133,,,,J,F,4.5,G,GPS ACC,,915.85,,Y,Y,,,Y,Y,Y,N,N,,,,,No,SGL 287,AG,
8184,2022,2,24,,2D,40.93338423,-79.43997225,10131,,,,A,F,4.02,G,GPS ACC,,915.83,,Y,Y,,,Y,Y,Y,N,N,,,,,No,SGL 287,AG,
8185,2022,2,24,,2D,40.93338423,-79.43997225,10147,,,,A,F,4.75,G,GPS ACC,,915.99,,Y,Y,,,Y,Y,Y,N,N,,,,,No,SGL 287,AG,
8186,2022,2,24,,2D,40.93338423,-79.43997225,10085,,,,J,F,3.95,G,GPS ACC,,915.54,,Y,Y,,,Y,Y,Y,N,N,,,,,No,SGL 287,AG,
8187,2022,2,24,,2D,40.93338423,-79.43997225,10088,,,,J,F,4.55,G,GPS ACC,,915.57,,Y,Y,,,Y,Y,Y,N,N,,,,,No,SGL 287,AG,
8188,2022,3,8,,2D,40.73234859,-79.28190401,10142,,,,A,F,5.3,G,GPS ACC,,915.94,,Y,Y,,,Y,Y,Y,N,N,,,,,No,Cake,AG,
8189,2022,3,8,,2D,40.73234859,-79.28190401,10146,,,,A,F,4.6,G,GPS ACC,,915.98,,Y,Y,,,Y,Y,Y,N,N,,,,,No,Cake,AG,
8190,2022,3,8,,2D,40.73234859,-79.28190401,10138,,,,A,F,4.8,G,GPS ACC,,915.9,,Y,Y,,,Y,Y,Y,N,N,,,,,No,Cake,AG,
8191,2022,3,8,,2D,40.73234859,-79.28190401,10101,,,,A,F,4.3,G,GPS ACC,,915.03,,Y,Y,,,Y,Y,Y,N,N,,,,,No,Cake,AG,
8192,2022,3,8,,2D,40.73234859,-79.28190401,10140,,,,A,F,4.3,G,GPS ACC,,915.92,,Y,Y,,,Y,Y,Y,N,N,,,,,No,Cake,AG,
8193,2022,3,21,,2D,40.68358731,-79.6109205,10085,,,,A,F,5.57,G,GPS ACC,,915.54,,Y,Y,,,Y,Y,Y,N,Y,,,,,No,Gerheim,FO,
8201,2022,1,18,,4D,40.86607226,-77.22762442,10127,,,,J,F,,G,GPS ACC,,915.79,Bird was released prior to getting weight,Y,Y,,,Y,Y,Y,N,Y,,,,,No,Mulrooney Farm,AG,
8202,2022,1,29,,4D,40.82019221,-77.54533153,10063,,,,J,F,8.08,G,GPS ACC,,915.3,,Y,Y,,,Y,Y,N,N,Y,,,,,No,Heritage Home,FO,
8203,2022,1,29,,4D,40.82019221,-77.54533153,9775,,,,J,F,7.64,G,GPS ACC,,915.04,,Y,Y,,,Y,Y,N,N,Y,,,,,No,Heritage Home,FO,
8204,2022,1,29,,4D,40.82019221,-77.54533153,9779,,,,A,F,10,G,GPS ACC,,915.12,,Y,N,,,Y,Y,N,N,N,,,,,No,Heritage Home,FO,
8206,2022,1,29,,4D,40.82019221,-77.54533153,10123,,,,J,F,8,G,GPS ACC,,915.75,,Y,Y,,,Y,Y,N,N,Y,,,,,No,Heritage Home,FO,
8207,2022,2,1,,4D,40.8482608,-77.55586628,9776,,,,A,F,,G,GPS ACC,,915.06,Hen got out of box as weight was being taken,Y,Y,,,Y,Y,Y,N,N,,,,,No,Spring Mills Fish and Game,AG,
8208,2022,2,1,,4D,40.8482608,-77.55586628,10064,,,,A,F,9.1,G,GPS ACC,,915.32,,Y,Y,,,Y,Y,N,N,N,,,,,No,Spring Mills Fish and Game,AG,
8209,2022,2,5,,4D,40.96240048,-78.17170341,9777,,,,A,F,,G,GPS ACC,,915.08,,Y,Y,,,Y,Y,N,N,N,,,,,No,Gritzer and Ivicic,O,
8210,2022,2,5,,4D,40.96240048,-78.17170341,9763,,,,A,F,4.36,G,GPS ACC,,915.02,,Y,Y,,,Y,Y,Y,N,N,,,,,No,Gritzer and Ivicic,O,
8211,2022,2,5,,4D,40.96240048,-78.17170341,10060,,,,A,F,4.14,G,GPS ACC,,915.24,,Y,Y,,,Y,Y,Y,N,N,,,,,No,Gritzer and Ivicic,O,
8212,2022,2,5,,4D,40.96240048,-78.17170341,10065,,,,A,F,4.32,G,GPS ACC,,915.34,,Y,Y,,,Y,Y,Y,N,N,,,,,No,Gritzer and Ivicic,O,
8217,2022,2,14,,4D,41.21860513,-77.03867943,10107,,,,A,F,,F,GPS ACC,,915.15,,Y,N,,,Y,Y,N,N,N,,,,,No,Ertel,FO,
8220,2022,2,14,,4D,41.21860513,-77.03867943,10111,,,,A,F,,F,GPS ACC,,915.23,"Bearded hen, but did not measure beard length",Y,N,,,Y,Y,N,N,N,,,,,No,Ertel,FO,
8223,2022,2,14,,4D,41.21860513,-77.03867943,10109,,,,A,F,4.49,G,GPS ACC,,915.19,,Y,Y,,,Y,Y,N,N,N,,,,,No,Ertel,FO,
8224,2022,2,14,,4D,41.21860513,-77.03867943,10113,,,,A,F,4.39,G,GPS ACC,,915.27,,Y,N,,,Y,Y,N,N,N,,,,,No,Ertel,FO,
8225,2022,2,14,,4D,41.21860513,-77.03867943,10103,,,,A,F,4.44,G,GPS ACC,,915.07,,Y,Y,,,Y,Y,N,N,Y,,,,,No,Ertel,FO,
8226,2022,2,14,,4D,41.21860513,-77.03867943,10105,,,,A,F,4.67,G,GPS ACC,,915.11,,Y,Y,,,Y,Y,N,N,N,,,,,No,Ertel,FO,
8260,2022,3,2,,4D,40.66171381,-78.17489524,10062,,,,J,F,,G,GPS ACC,,915.28,Transmitter was programmed wrong since capture. The XYZ axis were disabled and it was not noticed until 04/29/2022. Tag was reprogrammed on 05/03/2022 but was double checked on 05/05/2022 and was successfully reprogrammed.,Y,Y,,,Y,Y,N,N,N,,,,,No,Neff lease,AG,
8261,2022,3,2,,4D,40.66171381,-78.17489524,9778,,,,A,F,5.1,G,GPS ACC,,915.1,,Y,Y,,,Y,Y,N,N,Y,,,,,No,Neff lease,AG,
8262,2022,3,2,,4D,40.66171381,-78.17489524,10125,,,,A,F,5.4,G,GPS ACC,,915.77,,Y,Y,,,Y,Y,N,N,N,,,,,No,Neff lease,AG,
8263,2022,3,2,,4D,40.66171381,-78.17489524,10061,,,,A,F,4.77,G,GPS ACC,,915.26,,Y,Y,,,Y,Y,Y,N,N,,,,,No,Neff lease,AG,
8264,2022,3,2,,4D,40.66171381,-78.17489524,10128,,,,A,F,4.4,G,GPS ACC,,915.8,,Y,N,,,Y,Y,N,N,N,,,,,No,Neff lease,AG,
8265,2022,3,2,,4D,40.66171381,-78.17489524,10122,,,16.1,A,F,5.82,G,GPS ACC,,915.74,Bearded hen,Y,N,,,Y,Y,N,N,N,,,,,No,Neff lease,AG,
8403,2022,1,29,,3D,41.13497677,-75.91405579,10058,,,,A,F,4.2,G,GPS ACC,,915.2,,Y,Y,,,Y,Y,Y,N,N,,,,,No,Joe Kripp- S Main Road,O,
8405,2022,1,29,,3D,41.13497677,-75.91405579,10145,,,,A,F,4,G,GPS ACC,,915.97,,Y,Y,,,Y,Y,Y,N,N,,,,,No,Joe Kripp- S Main Road,O,
8406,2022,1,29,,3D,41.13497677,-75.91405579,10086,,,,A,F,4.1,G,GPS ACC,,915.55,,Y,Y,,,Y,Y,N,N,N,,,,,No,Joe Kripp- S Main Road,O,
8407,2022,1,29,,3D,41.13497677,-75.91405579,10141,,,,J,F,4.7,G,GPS ACC,,915.93,,Y,Y,,,Y,Y,N,N,Y,,,,,No,Joe Kripp- S Main Road,O,
8408,2022,1,29,,3D,41.13497677,-75.91405579,10137,,,,A,F,4.7,G,GPS ACC,,915.89,,Y,Y,,,Y,Y,Y,N,Y,,,,,No,Joe Kripp- S Main Road,O,
8451,2022,1,26,,5C,40.77538624,-75.52257336,10102,,,,A,F,4.82,G,GPS ACC,,915.05,,Y,Y,,,Y,Y,Y,N,Y,,,,,No,Mr. and Mrs. Frey's Backyard,O,
8452,2022,1,26,,5C,40.77538624,-75.52257336,10106,,,,A,F,4.685,G,GPS ACC,,915.13,"Tag was likely programmed wrong before deployement. When this tag was placed on bird 8483, we realized the acc var threshold was set at 10,000 when it was supposed to be 250. This birds data likely has that problem as well.",Y,Y,,,Y,Y,Y,N,Y,,,,,No,Mr. and Mrs. Frey's Backyard,O,
8453,2022,1,26,,5C,40.77538624,-75.52257336,10104,,,,A,F,4.695,G,GPS ACC,,915.09,,Y,Y,,,Y,Y,Y,N,Y,,,,,No,Mr. and Mrs. Frey's Backyard,O,
8455,2022,1,26,,5C,40.77538624,-75.52257336,10108,,,,J,F,4.08,G,GPS ACC,,915.17,,Y,Y,,,Y,Y,Y,N,Y,,,,,No,Mr. and Mrs. Frey's Backyard,O,
8456,2022,1,26,,5C,40.77538624,-75.52257336,10110,,,,J,F,4.365,G,GPS ACC,,915.21,,Y,Y,,,Y,Y,Y,N,Y,,,,,No,Mr. and Mrs. Frey's Backyard,O,
8460,2022,2,2,,5C,40.41449409,-75.59323,10087,,,,A,F,4.935,G,GPS ACC,,915.56,,Y,Y,,,Y,Y,Y,N,N,,,,,No,Mr. Weinrich's Woods,FO,
8461,2022,2,2,,5C,40.41449409,-75.59323,10082,,,,A,F,4.695,G,GPS ACC,,915.51,,Y,Y,,,Y,Y,Y,N,Y,,,,,No,Mr. Weinrich's Woods,FO,
8462,2022,2,2,,5C,40.41449409,-75.59323,10090,,,,A,F,4.88,G,GPS ACC,,915.59,,Y,Y,,,Y,Y,Y,N,Y,,,,,No,Mr. Weinrich's Woods,FO,
8463,2022,2,2,,5C,40.41449409,-75.59323,10093,,,,J,F,4.635,G,GPS ACC,,915.62,,Y,Y,,,Y,Y,Y,N,Y,,,,,No,Mr. Weinrich's Woods,FO,
8464,2022,2,2,,5C,40.41449409,-75.59323,10096,,,,J,F,4.23,G,GPS ACC,,915.65,,Y,Y,,,Y,Y,Y,N,Y,,,,,No,Mr. Weinrich's Woods,FO,
8467,2022,2,24,,5C,40.48527509,-75.14401364,10114,,,,A,F,4.85,G,GPS ACC,,915.29,,Y,Y,,,Y,Y,Y,N,Y,,,,,No,Bivinghouse birds,O,
8468,2022,2,24,,5C,40.48527509,-75.14401364,10112,,,,A,F,4.66,G,GPS ACC,,915.25,bearded hen; beard was not measured; estimated beard length to be around 12 cm.,Y,Y,,,Y,Y,Y,N,Y,,,,,No,Bivinghouse birds,O,
8469,2022,2,24,,5C,40.48527509,-75.14401364,10116,,,,A,F,4.105,G,GPS ACC,,915.33,,Y,Y,,,Y,Y,Y,N,Y,,,,,No,Bivinghouse birds,O,
8471,2022,2,24,,5C,40.48527509,-75.14401364,10118,,,,A,F,5.065,G,GPS ACC,,915.7,,Y,Y,,,Y,Y,Y,N,Y,,,,,No,Bivinghouse birds,O,
8472,2022,2,24,,5C,40.48527509,-75.14401364,10055,,,4.6,J,F,4.175,G,GPS ACC,,915.14,bearded hen,Y,Y,,,Y,Y,Y,N,Y,,,,,No,Bivinghouse birds,O,
8473,2022,2,24,,5C,40.48527509,-75.14401364,10120,,,,A,F,4.965,G,GPS ACC,,915.72,,Y,Y,,,Y,Y,Y,N,Y,,,,,No,Bivinghouse birds,O,
8474,2022,2,24,,5C,40.48527509,-75.14401364,10057,,,,A,F,4.715,G,GPS ACC,,915.18,,Y,Y,,,Y,Y,Y,N,Y,,,,,No,Bivinghouse birds,O,
8478,2022,3,1,,5C,40.33468837,-75.52707839,10132,,,,J,F,5.16,G,GPS ACC,,915.84,,Y,Y,,,Y,Y,Y,N,Y,,,,,No,Hildebrandt Road,AG,
8479,2022,3,1,,5C,40.33468837,-75.52707839,10059,,,,J,F,4.585,G,GPS ACC,,915.22,,Y,Y,,,Y,Y,Y,N,Y,,,,,No,Hildebrandt Road,AG,
8482,2022,3,1,,5C,40.33468837,-75.52707839,10069,,,,A,F,5.46,G,GPS ACC,,915.38,Smoke colored hen,Y,Y,,,Y,Y,Y,N,Y,,,,,No,Hildebrandt Road,AG,
8483,2022,3,1,,5C,40.33468837,-75.52707839,10106,,,,A,F,5.35,G,GPS ACC,,915.13,"The tag was programmed wrong from deployment. The acc var threshold was set at 10,000 when it should have been set at 250. The tag was reprogrammed around 04/11/2022.",Y,Y,,,Y,Y,Y,N,Y,,,,,No,Hildebrandt Road,AG,
8501,2022,2,16,,5C,40.41413038,-75.88083901,10073,,,,A,F,4.51,G,GPS ACC,,915.42,Minimal fece,Y,Y,,,Y,Y,Y,N,Y,,,,,No,Snyder Farm,AG,
8502,2022,2,16,,5C,40.41413038,-75.88083901,10135,,,,A,F,4.51,G,GPS ACC,,915.87,Minimal fece,Y,Y,,,Y,Y,Y,N,Y,,,,,No,Snyder Farm,AG,
8503,2022,2,16,,5C,40.41413038,-75.88083901,10067,,,,J,F,4.78,G,GPS ACC,,915.36,Minimal fece,Y,Y,,,Y,Y,Y,N,Y,,,,,No,Snyder Farm,AG,
8504,2022,2,16,,5C,40.41413038,-75.88083901,10076,,,,A,F,3.96,G,GPS ACC,,915.45,,Y,Y,,,Y,Y,Y,N,Y,,,,,No,Snyder Farm,AG,
8505,2022,2,16,,5C,40.41413038,-75.88083901,10079,,,17,A,F,4.59,G,GPS ACC,,915.48,,Y,Y,,,Y,Y,Y,N,Y,,,,,No,Snyder Farm,AG,
8576,2023,1,27,750,2D,41.02682244,-79.1299595,10147,,,,A,F,4.7,F,GPS ACC,,915.99,ITIB - 7:55; PST - 8:10; PET - 8:30,Y,Y,Y,Y,Y,Y,Y,N,Y,0,4,0940,85,No,Strayer,AG,Rocket
8577,2023,1,27,750,2D,41.02682244,-79.1299595,10747,,,,A,F,5.1,G,GPS ACC,,914,ITIB - 07:55: PST - 8:27; PET - 8:48,Y,Y,Y,Y,Y,Y,Y,N,N,0,4,0940,84,No,Strayer,AG,Rocket
8578,2023,1,27,750,2D,41.02682244,-79.1299595,10751,,,,A,F,5.7,G,GPS ACC,,914.12,ITIB - 8:00; PST - 8:45: PET - 8:58,Y,Y,Y,Y,Y,Y,Y,N,N,0,4,0940,82,No,Strayer,AG,Rocket
8579,2023,1,27,750,2D,41.02682244,-79.1299595,10762,,,,J,F,4.6,G,GPS ACC,,914.24,ITIB - 08:00; PST - 8:54; PET - 9:15,Y,Y,Y,Y,Y,Y,Y,N,Y,0,4,0940,79,No,Strayer,AG,Rocket
8580,2023,1,27,750,2D,41.02682244,-79.1299595,10071,,,,A,F,5.7,G,GPS ACC,,915.4,ITIB - 08:00; PST - 9:19; PET - 9:29,Y,Y,Y,Y,Y,Y,Y,N,N,0,4,0940,90,No,Strayer,AG,Rocket
8581,2023,2,23,933,2D,41.243418,-79.530495,11695,,,,A,F,4.29,G,GPS ACC,,914.56,ITB - 9:45; PST - 10:17; PET - 10:29; Released with 6 other birds,Y,Y,Y,Y,Y,Y,Y,N,N,0,4,1114,77,No,Kapp,AG,Rocket
8582,2023,2,23,933,2D,41.243418,-79.530495,11710,,,,J,F,3.68,G,GPS ACC,,914.92,ITB - 9:45; PST - 10:28; PET - 10:38; Released with 6 other birds,Y,Y,Y,Y,Y,Y,Y,N,N,0,4,1114,79,No,Kapp,AG,Rocket
8584,2023,2,23,933,2D,41.243418,-79.530495,11701,,,,A,F,5.13,G,GPS ACC,,914.8,ITB - 9:48; PST - 10:47; PET - 10:58; Released with 6 other birds,Y,Y,Y,Y,Y,Y,Y,N,N,0,4,1114,75,No,Kapp,AG,Rocket
8585,2023,2,23,933,2D,41.243418,-79.530495,10768,,,,A,F,4.72,G,GPS ACC,,914.36,ITB - 9:48; PST - 10:56; PET - 11:04; Released with 6 other birds,Y,Y,Y,Y,Y,Y,Y,N,N,0,4,1114,78,No,Kapp,AG,Rocket
8586,2023,3,3,730,2D,41.16558983,-79.46564358,10115,,,,J,F,3.24,G,GPS ACC,,915.31,,Y,Y,Y,Y,Y,Y,Y,N,N,0,2,0811,25,No,Huckleberry Ridge,AG,Rocket
8601,2023,2,10,938,2D,40.77336,-79.86708,10761,,,,A,F,4.875,G,GPS ACC,,914.2,,Y,Y,N,Y,Y,Y,N,N,Y,1,2,1108,58,No,Berzonski property,AG,Rocket
8602,2023,2,10,938,2D,40.77336,-79.86708,10767,,,,A,F,5.3,G,GPS ACC,,914.32,,Y,Y,N,Y,Y,Y,N,N,Y,1,2,1108,41,No,Berzonski property,AG,Rocket
8603,2023,2,10,938,2D,40.77336,-79.86708,10077,,,,A,F,4.42,G,GPS ACC,,915.46,,Y,Y,Y,Y,Y,Y,Y,N,Y,2,2,1108,66,No,Berzonski property,AG,Rocket
8604,2023,2,10,938,2D,40.77336,-79.86708,10138,,,,A,F,5.4,G,GPS ACC,,915.9,,Y,Y,Y,Y,Y,Y,Y,N,N,0,1,1136,87,No,Berzonski property,AG,Rocket
8605,2023,2,10,938,2D,40.77336,-79.86708,11693,,,,A,F,4.95,G,GPS ACC,,914.48,,Y,Y,Y,Y,Y,Y,Y,N,Y,1,1,1136,81,No,Berzonski property,AG,Rocket
8606,2023,2,15,742,2D,40.68026575,-79.45211862,10769,,,,A,F,4.825,G,GPS ACC,,914.4,Transmitter was not turned on,Y,Y,Y,Y,Y,Y,Y,N,N,0,0,0833,25,No,Schelly 1,AG,Rocket
8625,2023,3,9,1339,2D,41.28119,-79.772878,11697,,,,A,F,4.92,G,GPS ACC,,914.64,,Y,Y,Y,Y,Y,Y,Y,N,Y,0,0,1406,18,No,Pine Creek Sportsman∆s Club,FO,Rocket
8627,2023,2,7,857,2D,41.28119,-79.772878,10750,,,,A,F,4.13,G,GPS ACC,,914.08,,Y,Y,Y,Y,Y,Y,Y,N,N,1,3,1113,112,No,Pine Creek Sportsman∆s Club,FO,Rocket
8628,2023,3,6,725,2D,41.16558983,-79.46564358,10097,,,,A,F,5.29,G,GPS ACC,,915.66,ITIB 7:31; PST 7:37; PET 7:46; RT 8:18,Y,Y,Y,Y,Y,Y,Y,N,Y,0,2,0818,38,No,Huckleberry Ridge,AG,Rocket
8629,2023,3,6,725,2D,41.16558983,-79.46564358,11702,,,,A,F,5.18,G,GPS ACC,,914.84,ITIB 7:31; PST 7:44; PET 7:56; RT 8:18,Y,Y,Y,Y,Y,Y,Y,N,Y,0,2,0818,35,No,Huckleberry Ridge,AG,Rocket
8630,2023,3,6,725,2D,41.16558983,-79.46564358,10760,,,,A,F,4.24,G,GPS ACC,,914.16,ITIB 7:31; PST 7:54; PET 8:08; RT 8:18,Y,Y,Y,Y,Y,Y,Y,N,Y,0,2,0818,33,No,Huckleberry Ridge,AG,Rocket
8651,2023,3,3,740,2D,40.77363112,-79.38695595,10100,,,,A,F,5.1,G,GPS ACC,,915.01,,Y,Y,Y,Y,N,Y,Y,N,N,0,4,0957,117,No,Cessna,AG,Rocket
8659,2023,3,10,703,2D,40.87015,-79.17663,10748,,,,J,F,4.33,G,GPS ACC,,914.04,,Y,Y,Y,Y,Y,Y,Y,N,Y,0,4,1016,147,No,Smicksburg,AG,Rocket
8660,2023,3,10,703,2D,40.87015,-79.17663,11699,,,,J,F,4.89,G,GPS ACC,,914.72,Forgot to record Processing end time so no box time can be calculated,Y,Y,Y,Y,Y,Y,Y,N,N,0,4,1016,0,No,Smicksburg,AG,Rocket
8661,2023,3,10,703,2D,40.87015,-79.17663,11694,,,,A,F,4.61,G,GPS ACC,,914.52,,Y,Y,Y,Y,Y,Y,Y,N,N,0,4,1016,154,No,Smicksburg,AG,Rocket
8662,2023,3,10,703,2D,40.87015,-79.17663,11702,,,,A,F,4.53,G,GPS ACC,,914.84,,Y,Y,Y,Y,Y,Y,Y,N,Y,0,4,0934,155,No,Smicksburg,AG,Rocket
8663,2023,3,10,703,2D,40.87015,-79.17663,10085,,,,A,F,5,G,GPS ACC,,915.54,,Y,Y,Y,Y,Y,Y,Y,N,Y,0,4,0934,75,No,Smicksburg,AG,Rocket
8664,2023,3,10,703,2D,40.87015,-79.17663,10074,,,,A,F,5.4,G,GPS ACC,,915.43,,Y,Y,Y,Y,Y,Y,Y,N,N,0,4,0934,82,No,Smicksburg,AG,Rocket
8665,2023,3,10,703,2D,40.87015,-79.17663,11696,,,,J,F,4.2,G,GPS ACC,,914.6,,Y,Y,Y,Y,Y,Y,Y,N,Y,0,4,0934,75,No,Smicksburg,AG,Rocket
8666,2023,3,10,703,2D,40.87015,-79.17663,11711,,,,A,F,5,G,GPS ACC,,914.96,,Y,Y,Y,Y,Y,Y,Y,N,N,0,4,0934,83,No,Smicksburg,AG,Rocket
8667,2023,3,10,703,2D,40.87015,-79.17663,11701,,,,A,F,5,G,GPS ACC,,914.8,,Y,Y,Y,Y,Y,Y,Y,N,N,0,4,0934,85,No,Smicksburg,AG,Rocket
8668,2023,3,3,740,2D,40.77363112,-79.38695595,11700,,,,A,F,5,F,GPS ACC,,914.76,,Y,Y,Y,Y,Y,Y,Y,N,N,0,4,0957,106,No,Cessna,AG,Rocket
8669,2023,3,3,740,2D,40.77363112,-79.38695595,10763,,,,A,F,4.9,G,GPS ACC,,914.28,,Y,Y,Y,Y,Y,Y,Y,N,N,0,4,0957,112,No,Cessna,AG,Rocket
8670,2023,3,3,740,2D,40.77363112,-79.38695595,11698,,,,A,F,4.7,G,GPS ACC,,914.68,,Y,Y,Y,Y,Y,Y,Y,N,Y,0,4,0957,113,No,Cessna,AG,Rocket
8671,2023,3,3,740,2D,40.77363112,-79.38695595,11703,,,,A,F,4.6,G,GPS ACC,,914.88,,Y,Y,Y,Y,Y,Y,Y,N,N,0,4,0957,115,No,Cessna,AG,Rocket
8672,2023,3,3,740,2D,40.77363112,-79.38695595,10136,,,20,A,F,4.5,G,GPS ACC,,915.88,,Y,Y,Y,Y,Y,Y,Y,N,N,0,4,0957,110,No,Cessna,AG,Rocket
8674,2023,2,14,930,2D,40.77336,-79.86708,10098,,,,A,F,4.57,G,GPS ACC,,915.67,,Y,Y,Y,Y,Y,Y,Y,N,N,0,4,1143,96,No,Berzonski property,AG,Rocket
8675,2023,2,14,930,2D,40.77336,-79.86708,11692,,,,J,F,3.86,G,GPS ACC,,914.44,,Y,Y,Y,Y,Y,Y,Y,N,N,0,3,1143,104,No,Berzonski property,AG,Rocket
8751,2022,12,30,745,4D,40.73280293,-78.19796013,10749,,,,A,F,4.5,G,GPS ACC,,914.22,,Y,Y,N,Y,Y,Y,Y,N,N,0,1,0843,28,No,Daughenbaugh,AG,Rocket
8752,2022,12,30,745,4D,40.73280293,-78.19796013,10742,,,,A,F,4.9,G,GPS ACC,,914.02,,Y,Y,N,Y,Y,Y,Y,N,Y,0,1,0900,45,No,Daughenbaugh,AG,Rocket
8753,2023,2,13,1330,4D,41.0279979,-77.3397622,10105,,,,J,F,4.26,G,GPS ACC,,915.11,,Y,Y,Y,Y,Y,Y,Y,N,Y,0,1,1600,100,No,Holdren Farm,AG,Rocket
8754,2023,2,13,1330,4D,41.0279979,-77.3397622,10127,,,,A,F,4.8,G,GPS ACC,,915.79,,Y,Y,Y,Y,Y,Y,Y,N,Y,0,1,1543,83,No,Holdren Farm,AG,Rocket
8755,2023,2,13,1330,4D,41.0279979,-77.3397622,11733,1,1,,A,F,4.8,G,GPS ACC,,914.66,,Y,Y,Y,Y,Y,Y,Y,N,Y,0,1,1543,83,No,Holdren Farm,AG,Rocket
8756,2023,2,13,1330,4D,41.0279979,-77.3397622,11727,1,1,,A,F,5.1,G,GPS ACC,,914.46,,Y,Y,Y,Y,Y,Y,Y,N,Y,0,1,1528,60,No,Holdren Farm,AG,Rocket
8757,2023,2,13,1330,4D,41.0279979,-77.3397622,11738,,,,A,F,5.5,G,GPS ACC,,914.86,,Y,Y,Y,Y,Y,Y,Y,N,Y,0,1,1528,60,No,Holdren Farm,AG,Rocket
8758,2023,2,13,1330,4D,41.0279979,-77.3397622,11742,,,,J,F,4.6,G,GPS ACC,,914.1,,Y,Y,Y,Y,Y,Y,Y,N,Y,0,1,1513,48,No,Holdren Farm,AG,Rocket
8759,2023,2,13,1330,4D,41.0279979,-77.3397622,10755,,,,A,F,4.1,G,GPS ACC,,914.26,,Y,Y,Y,Y,Y,Y,Y,N,Y,0,1,1513,48,No,Holdren Farm,AG,Rocket
8760,2023,2,13,1330,4D,41.0279979,-77.3397622,11730,1,1,,J,F,5.2,G,GPS ACC,,914.58,,Y,Y,Y,Y,Y,Y,Y,N,N,0,1,1445,15,No,Holdren Farm,AG,Rocket
8761,2023,2,8,1006,4D,40.59743504,-78.13106393,10128,,,,A,F,5.1,G,GPS ACC,,915.8,,Y,Y,Y,Y,Y,Y,Y,N,N,0,1,1220,110,No,Espy Farm,AG,Rocket
8764,2023,2,8,1006,4D,40.59743504,-78.13106393,10061,1,1,,A,F,4.06,G,GPS ACC,,915.26,,Y,Y,Y,Y,Y,Y,Y,N,N,0,1,1220,110,No,Espy Farm,AG,Rocket
8767,2023,2,8,1006,4D,40.59743504,-78.13106393,10126,1,1,15.6,A,F,4.65,G,GPS ACC,,915.78,,Y,Y,Y,Y,Y,Y,Y,N,N,0,2,1155,78,No,Espy Farm,AG,Rocket
8768,2023,2,8,1006,4D,40.59743504,-78.13106393,11735,1,1,,J,F,3.4,G,GPS ACC,,914.74,,Y,Y,Y,Y,Y,Y,Y,N,N,0,2,1137,52,No,Espy Farm,AG,Rocket
8769,2023,2,8,1006,4D,40.59743504,-78.13106393,11737,,,,J,F,4.2,G,GPS ACC,,914.82,,Y,Y,Y,Y,Y,Y,Y,N,Y,0,2,1137,36,No,Espy Farm,AG,Rocket
8770,2023,2,8,1006,4D,40.59743504,-78.13106393,11741,,,,A,F,4.45,G,GPS ACC,,914.94,,Y,Y,Y,Y,Y,Y,Y,N,N,0,1,1114,29,No,Espy Farm,AG,Rocket
8771,2023,2,8,1006,4D,40.59743504,-78.13106393,11732,,,14.6,J,F,5,G,GPS ACC,,914.62,,Y,Y,Y,Y,Y,Y,Y,N,Y,0,1,1114,29,No,Espy Farm,AG,Rocket
8773,2023,2,2,830,4D,40.82275543,-78.43204357,10123,,,,J,F,4.17,G,GPS ACC,,915.75,,Y,Y,Y,N,Y,Y,Y,N,Y,1,1,0956,51,No,Kolton Mueller,AG,Rocket
8774,2023,2,2,830,4D,40.82275543,-78.43204357,11734,,,,A,F,4.52,G,GPS ACC,,914.7,,Y,Y,Y,N,Y,Y,Y,N,Y,0,1,0936,39,No,Kolton Mueller,AG,Rocket
8775,2023,2,2,830,4D,40.82275543,-78.43204357,11729,,,,J,F,4.77,G,GPS ACC,,914.54,,Y,Y,Y,Y,Y,Y,Y,N,N,0,1,0936,31,No,Kolton Mueller,AG,Rocket
8802,2023,1,15,808,4D,41.06776069,-77.19109489,10746,,,,A,F,,G,GPS ACC,,914.18,Released with 5328 and 6804,Y,Y,Y,Y,Y,Y,Y,N,N,0,2,0858,10,No,Tom Jefferies,FO,Rocket
8803,2023,1,15,808,4D,41.06776069,-77.19109489,10758,,,,A,F,5.5,G,GPS ACC,,914.38,Released with 8804,Y,Y,Y,Y,Y,Y,Y,N,Y,1,1,0930,40,No,Tom Jefferies,FO,Rocket
8804,2023,1,15,808,4D,41.06776069,-77.19109489,10743,,,,A,F,4.9,G,GPS ACC,,914.06,Released with 8803,Y,Y,Y,Y,Y,Y,Y,N,Y,3,1,0930,40,No,Tom Jefferies,FO,Rocket
8805,2023,1,15,808,4D,41.06776069,-77.19109489,10756,,,,A,F,4.7,G,GPS ACC,,914.3,Released with 8806 and 8807,Y,Y,Y,Y,Y,Y,Y,N,Y,0,2,1020,90,No,Tom Jefferies,FO,Rocket
8806,2023,1,15,808,4D,41.06776069,-77.19109489,9778,,,,A,F,4.8,G,GPS ACC,,915.1,Released with 8805 and 8807.,Y,Y,Y,Y,Y,Y,N,N,Y,2,2,1020,90,No,Tom Jefferies,FO,Rocket
8807,2023,1,15,808,4D,41.06776069,-77.19109489,10107,,,,A,F,4.9,G,GPS ACC,,915.15,Released with 8805 and 8806.,Y,Y,Y,Y,Y,Y,N,N,Y,0,2,1020,90,No,Tom Jefferies,FO,Rocket
8808,2023,2,1,840,4D,40.91839718,-77.91694825,11728,,,,A,F,4.8,G,GPS ACC,,914.5,,Y,Y,Y,Y,Y,Y,Y,N,N,0,1,1013,73,No,Rhodes farm,AG,Rocket
8809,2023,2,1,840,4D,40.91839718,-77.91694825,11738,,,,A,F,4.9,G,GPS ACC,,914.86,,Y,Y,Y,Y,Y,Y,Y,N,Y,0,1,1013,58,No,Rhodes farm,AG,Rocket
8810,2023,2,1,840,4D,40.91839718,-77.91694825,10757,,,,A,F,5,G,GPS ACC,,914.34,,Y,Y,Y,Y,Y,Y,Y,N,Y,0,1,1040,89,No,Rhodes farm,AG,Rocket
8811,2023,2,1,840,4D,40.91839718,-77.91694825,10744,,,,A,F,4.1,F,GPS ACC,,914.98,Nare scrapes taken for sampling,Y,Y,Y,Y,Y,Y,Y,Y,Y,0,1,1040,78,No,Rhodes farm,AG,Rocket
8812,2023,2,1,840,4D,40.91839718,-77.91694825,10745,,,,J,F,3.5,G,GPS ACC,,914.14,,Y,Y,Y,Y,Y,Y,Y,N,N,0,1,1045,85,No,Rhodes farm,AG,Rocket
8813,2023,2,1,840,4D,40.91839718,-77.91694825,10124,,,,A,F,5.14,G,GPS ACC,,915.76,,Y,Y,Y,Y,Y,Y,Y,N,Y,0,1,1045,85,No,Rhodes farm,AG,Rocket
8901,2023,2,23,918,4D,40.90231578,-77.19567786,10759,,,,A,F,,G,GPS ACC,,914.42,,Y,Y,N,Y,Y,Y,N,N,N,0,1,0955,10,No,Buttorff,AG,Rocket
8902,2023,2,23,918,4D,40.90231578,-77.19567786,11736,,,,A,F,,G,GPS ACC,,914.78,,Y,Y,Y,Y,Y,Y,Y,N,N,0,1,0955,10,No,Buttorff,AG,Rocket
8903,2023,2,23,918,4D,40.90231578,-77.19567786,11728,1,1,18.5,A,F,4.6,G,GPS ACC,,914.5,,Y,Y,Y,Y,Y,Y,Y,N,Y,0,3,1020,40,No,Buttorff,AG,Rocket
8904,2023,2,23,918,4D,40.90231578,-77.19567786,11740,,,,J,F,4.3,G,GPS ACC,,914.9,,Y,Y,Y,Y,Y,Y,Y,N,N,0,3,1020,40,No,Buttorff,AG,Rocket
8905,2023,2,23,918,4D,40.90231578,-77.19567786,11735,,,,J,F,3.1,G,GPS ACC,,914.74,,Y,Y,Y,Y,Y,Y,Y,N,N,0,3,1020,40,No,Buttorff,AG,Rocket
8906,2023,2,23,918,4D,40.90231578,-77.19567786,10065,,,,A,F,5.5,F,GPS ACC,,915.34,,Y,Y,Y,Y,Y,Y,Y,N,Y,0,1,1100,70,No,Buttorff,AG,Rocket
8907,2023,2,23,918,4D,40.90231578,-77.19567786,10063,1,1,,J,F,4.1,G,GPS ACC,,915.3,,Y,Y,Y,Y,Y,Y,Y,N,Y,0,1,1100,70,No,Buttorff,AG,Rocket
8908,2023,2,23,918,4D,40.90231578,-77.19567786,10125,,,,A,F,4,G,GPS ACC,,915.77,,Y,Y,Y,Y,Y,Y,Y,N,N,0,1,1120,90,No,Buttorff,AG,Rocket
8909,2023,2,23,918,4D,40.90231578,-77.19567786,10113,,,,A,F,5.2,G,GPS ACC,,915.27,,Y,Y,Y,Y,Y,Y,Y,N,Y,0,1,1120,90,No,Buttorff,AG,Rocket
8910,2023,2,23,918,4D,40.90231578,-77.19567786,10122,,,,J,F,4.7,G,GPS ACC,,915.74,,Y,Y,Y,Y,Y,Y,Y,N,N,0,1,1155,125,No,Buttorff,AG,Rocket
8952,2023,3,6,630,3D,41.06005,-75.49409,10089,,,,A,F,3.56,G,GPS ACC,,915.58,,Y,Y,Y,Y,Y,Y,Y,N,Y,0,3,0845,84,No,Bill Mcglone,O,Rocket
8953,2023,3,6,630,3D,41.06005,-75.49409,10145,,,,J,F,3.08,G,GPS ACC,,915.97,,Y,Y,Y,Y,Y,Y,Y,N,Y,0,3,0845,88,No,Bill Mcglone,O,Rocket
8955,2023,3,6,630,3D,41.06005,-75.49409,10143,,,,A,F,3.6,G,GPS ACC,,915.95,,Y,Y,Y,Y,Y,Y,Y,N,Y,0,2,0900,110,No,Bill Mcglone,O,Rocket
8985,2022,12,28,1130,3D,41.54653834,-75.44055513,10779,,,,J,F,4.74,G,GPS ACC,,914.25,,Y,Y,Y,Y,Y,Y,Y,N,Y,1,2,1245,65,No,Corey Furdin,AG,Rocket
8986,2022,12,28,1130,3D,41.54653834,-75.44055513,10781,,,,J,F,5.19,G,GPS ACC,,914.13,"First blood draws attempted on both wings, Hematomas on both right wing 1 and left wing 2",Y,Y,Y,Y,Y,Y,Y,N,Y,3,2,1245,65,No,Corey Furdin,AG,Rocket
8987,2022,12,29,745,3D,41.21302,-75.66545,10782,,,,A,F,5.33,G,GPS ACC,,914.05,,Y,Y,Y,Y,Y,Y,Y,N,Y,1,1,0930,185,No,Bob Chase,O,Rocket
8988,2022,12,29,745,3D,41.21302,-75.66545,10784,,,,A,F,4.52,G,GPS ACC,,914.53,Bird was released immediately after transmitter application,Y,Y,Y,Y,Y,Y,Y,N,N,0,1,0930,185,No,Bob Chase,O,Rocket
8989,2022,12,29,745,3D,41.21302,-75.66545,10783,,,,J,F,3.62,G,GPS ACC,,914.09,,Y,Y,Y,Y,Y,Y,Y,N,Y,0,4,1100,355,No,Bob Chase,O,Rocket
8990,2022,12,29,745,3D,41.21302,-75.66545,10084,,,,A,F,4.67,G,GPS ACC,,915.53,,Y,Y,N,Y,Y,Y,N,N,Y,2,4,1100,355,No,Bob Chase,O,Rocket
8991,2022,12,29,745,3D,41.21302,-75.66545,10130,,,,A,F,5,G,GPS ACC,,915.82,,Y,Y,Y,Y,Y,Y,Y,N,Y,0,3,1100,355,No,Bob Chase,O,Rocket
8992,2023,1,11,815,3D,41.32365816,-75.59361222,10785,,,,J,F,5.54,G,GPS ACC,,914.45,Released with 5 birds,Y,Y,Y,Y,Y,Y,Y,N,Y,0,4,0958,90,No,Randall Carter,O,Rocket
8993,2023,1,11,815,3D,41.32365816,-75.59361222,10786,,,,A,F,5.17,G,GPS ACC,,914.49,Released with 5 birds,Y,Y,Y,Y,Y,Y,Y,N,Y,1,4,0958,90,No,Randall Carter,O,Rocket
8995,2023,1,11,815,3D,41.32365816,-75.59361222,10787,,,,J,F,5.02,G,GPS ACC,,914.21,Released with 5 birds,Y,Y,Y,Y,Y,Y,Y,N,Y,0,4,1045,135,No,Randall Carter,O,Rocket
8997,2023,1,27,720,3D,41.50899114,-75.2526241,10753,,,,A,F,4.17,G,GPS ACC,,914.33,,Y,Y,Y,Y,Y,Y,Y,N,Y,0,2,0840,64,No,Randy & Joe Rowe,AG,Rocket
8998,2023,1,27,720,3D,41.50899114,-75.2526241,10086,,,,A,F,3.78,G,GPS ACC,,915.55,,Y,Y,Y,Y,Y,Y,Y,N,Y,0,2,0840,70,No,Randy & Joe Rowe,AG,Rocket
9000,2023,1,27,720,3D,41.50899114,-75.2526241,10788,,,,A,F,4.5,G,GPS ACC,,914.37,,Y,Y,Y,Y,Y,Y,Y,N,Y,0,1,0917,98,No,Randy & Joe Rowe,AG,Rocket
9001,2023,1,27,720,3D,41.50899114,-75.2526241,10779,,,,J,F,3.13,G,GPS ACC,,914.25,,Y,Y,Y,Y,Y,Y,Y,N,Y,0,2,0937,111,No,Randy & Joe Rowe,AG,Rocket
9002,2023,2,10,835,3D,41.53189,-75.19436,10784,,,,A,F,4.77,G,GPS ACC,,914.53,,Y,Y,Y,Y,Y,Y,Y,N,Y,0,2,1008,63,No,Gary Brown,O,Rocket
9003,2023,2,10,835,3D,41.53189,-75.19436,10782,,,,A,F,4.57,G,GPS ACC,,914.05,,Y,Y,Y,Y,Y,Y,Y,N,Y,0,2,1008,62,No,Gary Brown,O,Rocket
9004,2023,2,10,835,3D,41.53189,-75.19436,11731,,,,A,F,4.37,G,GPS ACC,,914.97,,Y,Y,Y,Y,Y,Y,Y,N,Y,0,2,1008,64,No,Gary Brown,O,Rocket
9005,2023,2,10,835,3D,41.53189,-75.19436,10754,,,9,A,F,3.96,G,GPS ACC,,914.17,,Y,Y,Y,Y,Y,Y,Y,N,Y,0,2,1038,85,No,Gary Brown,O,Rocket
9006,2023,2,10,835,3D,41.53189,-75.19436,10781,,,11,A,F,4,G,GPS ACC,,914.13,,Y,Y,Y,Y,Y,Y,Y,N,Y,0,2,1038,93,No,Gary Brown,O,Rocket
9007,2023,2,10,835,3D,41.53189,-75.19436,10072,,,,A,F,4.72,G,GPS ACC,,915.41,,Y,Y,Y,Y,Y,Y,Y,N,Y,0,2,1038,92,No,Gary Brown,O,Rocket
9008,2023,2,25,845,3D,41.54653834,-75.44055513,11704,,,,J,F,2.9,G,GPS ACC,,914.61,,Y,Y,Y,Y,Y,Y,Y,N,Y,0,2,1024,52,No,Corey Furdin,AG,Rocket
9009,2023,2,25,845,3D,41.54653834,-75.44055513,11705,,,,J,F,3.77,G,GPS ACC,,914.65,,Y,Y,N,Y,Y,Y,N,N,Y,0,2,1024,40,No,Corey Furdin,AG,Rocket
9010,2023,2,25,845,3D,41.54653834,-75.44055513,11706,,,,A,F,5.23,G,GPS ACC,,914.69,"Bird flew roughly 150 yards then clipped corner of house, Landed and ran into woods unable to see after checking",Y,Y,Y,Y,Y,Y,Y,N,Y,0,2,1024,50,No,Corey Furdin,AG,Rocket
9013,2023,2,25,845,3D,41.54653834,-75.44055513,11714,,,17.5,A,F,4.38,G,GPS ACC,,914.89,,Y,Y,Y,Y,Y,Y,Y,N,Y,0,2,1129,121,No,Corey Furdin,AG,Rocket
9015,2023,3,6,630,3D,41.06005,-75.49409,10119,,,,J,F,2.67,G,GPS ACC,,915.71,,Y,Y,Y,Y,Y,Y,Y,N,Y,0,4,0800,49,No,Bill Mcglone,O,Rocket
9016,2023,3,6,630,3D,41.06005,-75.49409,11715,,,,J,F,3.53,G,GPS ACC,,914.93,,Y,Y,Y,Y,Y,Y,Y,N,Y,0,4,0800,49,No,Bill Mcglone,O,Rocket
9017,2023,3,6,630,3D,41.06005,-75.49409,10117,,,,J,F,5.07,G,GPS ACC,,915.69,,Y,Y,Y,Y,Y,Y,Y,N,Y,0,4,0800,54,No,Bill Mcglone,O,Rocket
9018,2023,2,12,715,3D,41.11697445,-75.48756488,11709,,,,J,F,3.84,G,GPS ACC,,914.57,,Y,Y,Y,Y,Y,Y,Y,N,N,0,3,0856,52,No,Pocono Lake Preserve,AG,Rocket
9019,2023,2,12,715,3D,41.11697445,-75.48756488,11712,,,,A,F,4.59,G,GPS ACC,,914.81,,Y,Y,Y,Y,Y,Y,Y,N,Y,0,3,0856,51,No,Pocono Lake Preserve,AG,Rocket
9020,2023,2,12,715,3D,41.11697445,-75.48756488,11708,,,,A,F,4.15,G,GPS ACC,,914.77,,Y,Y,Y,Y,Y,Y,Y,N,Y,0,1,0927,90,No,Pocono Lake Preserve,AG,Rocket
9021,2023,2,12,715,3D,41.11697445,-75.48756488,11707,,,,A,F,4.21,G,GPS ACC,,914.73,,Y,Y,Y,Y,Y,Y,Y,N,Y,0,2,1035,152,No,Pocono Lake Preserve,AG,Rocket
9022,2023,2,12,715,3D,41.11697445,-75.48756488,11713,,,,A,F,4.75,G,GPS ACC,,914.85,,Y,Y,Y,Y,Y,Y,Y,N,Y,0,2,1035,149,No,Pocono Lake Preserve,AG,Rocket
9023,2023,2,18,830,3D,41.18803845,-75.26063109,10141,,,,A,F,5.19,G,GPS ACC,,915.93,,Y,Y,Y,Y,Y,Y,Y,N,Y,0,1,0930,35,No,Buck Hill Conservation Foundation,FO,Rocket
9024,2023,2,18,830,3D,41.18803845,-75.26063109,10058,,,,A,F,4.37,G,GPS ACC,,915.2,,Y,Y,Y,Y,Y,Y,Y,N,Y,0,1,0930,45,No,Buck Hill Conservation Foundation,FO,Rocket
9025,2023,2,18,830,3D,41.18803845,-75.26063109,10775,,,,A,F,4.34,G,GPS ACC,,914.29,,Y,Y,Y,Y,Y,Y,Y,N,Y,0,2,1015,44,No,Buck Hill Conservation Foundation,FO,Rocket
9026,2023,2,18,830,3D,41.18803845,-75.26063109,10776,,,,A,F,4.45,G,GPS ACC,,914.41,,Y,Y,Y,Y,Y,Y,Y,N,Y,0,2,1015,97,No,Buck Hill Conservation Foundation,FO,Rocket
9027,2023,2,18,830,3D,41.18803845,-75.26063109,10777,,,,A,F,4.49,G,GPS ACC,,914.01,,Y,Y,Y,Y,Y,Y,Y,N,Y,0,2,1015,91,No,Buck Hill Conservation Foundation,FO,Rocket
9034,2023,3,15,1102,3D,41.10962,-75.43551,10775,,,,J,F,2.92,G,GPS ACC,,914.29,,Y,Y,Y,Y,Y,Y,Y,N,Y,0,1,1204,31,No,Van Gilder,FO,Rocket
9036,2023,3,15,1102,3D,41.10962,-75.43551,10783,,,,J,F,3.68,G,GPS ACC,,914.09,,Y,Y,Y,Y,Y,Y,Y,N,Y,0,1,1204,34,No,Van Gilder,FO,Rocket
9051,2023,1,20,730,5C,40.49221537,-75.92635822,10774,,,,A,F,4.7,G,GPS ACC,,914.27,,Y,Y,Y,Y,Y,Y,Y,N,Y,2,1,0900,52,No,Brown Property,O,Rocket
9052,2023,1,20,730,5C,40.49221537,-75.92635822,10772,,,,J,F,4.1,G,GPS ACC,,914.19,,Y,Y,Y,Y,Y,Y,Y,N,N,1,1,0930,58,No,Brown Property,O,Rocket
9054,2023,1,20,730,5C,40.49221537,-75.92635822,10773,,,,A,F,4.5,G,GPS ACC,,914.51,,Y,Y,Y,Y,Y,Y,Y,N,Y,1,1,0930,80,No,Brown Property,O,Rocket
9055,2023,1,20,730,5C,40.49221537,-75.92635822,10069,,,,A,F,4.9,G,GPS ACC,,915.38,,Y,Y,Y,Y,Y,Y,Y,N,Y,1,1,1000,127,No,Brown Property,O,Rocket
9057,2023,1,20,730,5C,40.49221537,-75.92635822,10112,6,2,,A,F,5.1,G,GPS ACC,,915.25,,Y,Y,Y,Y,Y,Y,Y,N,Y,1,1,1030,135,No,Brown Property,O,Rocket
9058,2023,1,20,730,5C,40.49221537,-75.92635822,10771,,,,A,F,5.4,G,GPS ACC,,914.31,,Y,Y,Y,Y,Y,Y,Y,N,Y,1,1,1030,136,No,Brown Property,O,Rocket
9059,2023,2,3,730,5C,40.29958775,-75.40076417,10082,,,,J,F,5.28,G,GPS ACC,,915.51,,Y,Y,Y,Y,Y,Y,Y,N,Y,0,1,0900,80,No,Zucca property,O,Rocket
9060,2023,2,3,730,5C,40.29958775,-75.40076417,10778,,,,A,F,4.88,G,GPS ACC,,914.07,,Y,Y,Y,Y,Y,Y,Y,N,Y,0,2,0945,124,No,Zucca property,O,Rocket
9061,2023,2,3,730,5C,40.29958775,-75.40076417,10780,,,,J,F,4.95,G,GPS ACC,,914.15,,Y,Y,Y,Y,Y,Y,Y,N,Y,1,2,0945,124,No,Zucca property,O,Rocket
9062,2023,2,7,830,5C,39.95368608,-75.88912516,10764,,,,A,F,5.28,G,GPS ACC,,914.35,,Y,Y,Y,Y,Y,Y,Y,N,N,0,3,0915,45,No,Gilbert property,AG,Rocket
9063,2023,2,7,830,5C,39.95368608,-75.88912516,10765,,,,A,F,5.71,G,GPS ACC,,914.03,,Y,Y,Y,Y,Y,Y,Y,N,N,0,3,0915,45,No,Gilbert property,AG,Rocket
9064,2023,2,7,830,5C,39.95368608,-75.88912516,10766,,,,A,F,5.1,G,GPS ACC,,914.43,,Y,Y,Y,Y,Y,Y,Y,N,Y,0,3,0915,45,No,Gilbert property,AG,Rocket
9065,2023,2,7,830,5C,39.95368608,-75.88912516,10076,,,,A,F,4.4,G,GPS ACC,,915.45,,Y,Y,Y,Y,Y,Y,Y,N,Y,0,3,0915,45,No,Gilbert property,AG,Rocket
9066,2023,2,24,630,5C,40.0455872,-75.89299418,11720,,,,J,F,5.36,G,GPS ACC,,914.75,HPAI swab = Yes,Y,Y,Y,Y,Y,Y,Y,N,Y,0,3,0830,77,No,Kusnierczyk,O,Rocket
9067,2023,2,24,630,5C,40.0455872,-75.89299418,11721,,,,J,F,4.71,G,GPS ACC,,914.79,HPAI swab = Yes,Y,Y,Y,Y,Y,Y,Y,N,Y,0,3,0830,83,No,Kusnierczyk,O,Rocket
9068,2023,2,24,630,5C,40.0455872,-75.89299418,11722,,,,A,F,5.2,G,GPS ACC,,914.83,HPAI swab = Yes,Y,Y,Y,Y,Y,Y,Y,N,Y,0,3,0830,81,No,Kusnierczyk,O,Rocket
9069,2023,2,24,630,5C,40.0455872,-75.89299418,11723,,,,J,F,4.8,F,GPS ACC,,914.87,"HPAI swab = Yes, fair condition but transmittered - eather loss and some rug burn from net on left shoulder area, less than 3 inch by 4 inch area, not actively bleeding",Y,Y,Y,Y,Y,Y,Y,N,N,0,3,0830,76,No,Kusnierczyk,O,Rocket
9070,2023,3,6,1730,5C,40.91479199,-75.08490819,10790,,,,A,F,4.1,G,GPS ACC,,914.11,"nubby spurs present but not large enough to be measured, barely protruding from leg.",Y,Y,Y,Y,Y,Y,Y,N,Y,0,2,1815,30,No,Portland Power Plant,O,Rocket
9071,2023,3,8,700,5C,40.83745476,-75.10882532,10102,,,,J,F,3.9,G,GPS ACC,,915.05,HPAI=Yes,Y,Y,Y,Y,Y,Y,Y,N,Y,0,1,0900,52,No,Angle Property,AG,Rocket
9072,2023,3,8,700,5C,40.83745476,-75.10882532,11716,,,,A,F,4.8,G,GPS ACC,,914.59,HPAI=Yes,Y,Y,Y,Y,Y,Y,Y,N,Y,0,1,0900,65,No,Angle Property,AG,Rocket
9073,2023,3,8,700,5C,40.83745476,-75.10882532,10789,,,,J,F,3.9,G,GPS ACC,,914.47,HPAI=Yes,Y,Y,Y,Y,Y,Y,Y,N,Y,0,1,0930,68,No,Angle Property,AG,Rocket
9074,2023,3,8,700,5C,40.83745476,-75.10882532,10792,,,,A,F,4,G,GPS ACC,,914.23,HPAI=Yes,Y,Y,Y,Y,Y,Y,Y,N,Y,0,1,0930,96,No,Angle Property,AG,Rocket
9075,2023,3,8,700,5C,40.83745476,-75.10882532,10791,,,,A,F,4.4,G,GPS ACC,,914.39,HPAI=Yes,Y,Y,Y,Y,Y,Y,Y,N,Y,0,1,1000,121,No,Angle Property,AG,Rocket
9076,2023,2,16,815,5C,40.48526692,-75.14401185,10770,,,,A,F,4.42,G,GPS ACC,,914.55,,Y,Y,Y,Y,Y,Y,Y,N,Y,0,4,0945,50,No,Tinicum,FO,Rocket
9078,2023,2,16,815,5C,40.48526692,-75.14401185,10118,,,,A,F,4.66,G,GPS ACC,,915.7,,Y,Y,Y,Y,Y,Y,Y,N,Y,0,4,0945,50,No,Tinicum,FO,Rocket
9079,2023,2,16,815,5C,40.48526692,-75.14401185,10135,,,,A,F,4.99,F,GPS ACC,,915.87,,Y,Y,Y,Y,Y,Y,Y,N,Y,0,4,0945,80,No,Tinicum,FO,Rocket
9080,2023,2,16,815,5C,40.48526692,-75.14401185,10772,,,,J,F,4.7,G,GPS ACC,,914.19,,Y,Y,Y,Y,Y,Y,Y,N,Y,0,4,0945,80,No,Tinicum,FO,Rocket
9081,2023,2,16,815,5C,40.48526692,-75.14401185,10057,,,,J,F,4.28,F,GPS ACC,,915.18,,Y,Y,Y,Y,Y,Y,Y,N,Y,0,4,0945,72,No,Tinicum,FO,Rocket
9082,2023,2,16,815,5C,40.48526692,-75.14401185,10116,,,,A,F,4.4,G,GPS ACC,,915.33,,Y,Y,Y,Y,Y,Y,Y,N,Y,0,2,1030,90,No,Tinicum,FO,Rocket
9083,2023,2,24,1530,5C,40.75486351,-75.34820203,11724,,,,A,F,5.71,G,GPS ACC,,914.91,"# of birds released with is actually 5, HPAI swab = yes",Y,Y,Y,Y,Y,Y,Y,N,Y,0,4,1730,90,No,Bushkill Twsp Open Space Knauss Rd Farm Property,AG,Rocket
9084,2023,2,24,1530,5C,40.75486351,-75.34820203,11725,,,,J,F,4,G,GPS ACC,,914.95,"# of birds released with is actually 5, HPAI swab = Yes",Y,Y,Y,Y,Y,Y,Y,N,Y,0,4,1730,90,No,Bushkill Twsp Open Space Knauss Rd Farm Property,AG,Rocket
9085,2023,2,24,1530,5C,40.75486351,-75.34820203,11726,,,,J,F,4,G,GPS ACC,,914.99,"# of birds released with is actually 5, HPAI swab = Yes",Y,Y,Y,Y,Y,Y,Y,N,Y,0,4,1730,90,No,Bushkill Twsp Open Space Knauss Rd Farm Property,AG,Rocket
9086,2023,2,24,1530,5C,40.75486351,-75.34820203,10114,,,,J,F,4,G,GPS ACC,,915.29,# of birds released with is actually 5; HPAI swab = Yes,Y,Y,Y,Y,Y,Y,Y,N,Y,0,4,1730,90,No,Bushkill Twsp Open Space Knauss Rd Farm Property,AG,Rocket
9087,2023,2,24,1530,5C,40.75486351,-75.34820203,11718,,,,J,F,3.7,G,GPS ACC,,914.67,HPAI swab = Yes,Y,Y,Y,Y,Y,Y,Y,N,Y,0,3,1830,150,No,Bushkill Twsp Open Space Knauss Rd Farm Property,AG,Rocket
9088,2023,2,24,1530,5C,40.75486351,-75.34820203,11719,,,,J,F,4.1,G,GPS ACC,,914.71,HPAI swab = No,Y,Y,Y,N,Y,Y,Y,N,Y,0,3,1830,150,No,Bushkill Twsp Open Space Knauss Rd Farm Property,AG,Rocket
9089,2023,2,24,1530,5C,40.75486351,-75.34820203,10067,,,,A,F,5.1,G,GPS ACC,,915.36,time constraints did not allow for biological sampling. HPAI swab = No,Y,N,N,N,N,N,N,N,N,0,3,1830,150,No,Bushkill Twsp Open Space Knauss Rd Farm Property,AG,Rocket
9090,2023,3,8,700,5C,40.83745476,-75.10882532,11717,,,,A,F,4.5,G,GPS ACC,,914.63,HPAI=Yes,Y,Y,Y,Y,Y,Y,Y,N,Y,0,1,1000,119,No,Angle Property,AG,Rocket
9091,2023,3,8,700,5C,40.83745476,-75.10882532,10079,,,,A,F,4.3,G,GPS ACC,,915.48,HPAI=Yes,Y,Y,Y,Y,Y,Y,Y,N,Y,0,1,1030,117,No,Angle Property,AG,Rocket
9092,2023,3,8,700,5C,40.83745476,-75.10882532,10104,,,,A,F,4.5,G,GPS ACC,,915.09,HPAI=Yes,Y,Y,Y,Y,Y,Y,Y,N,Y,0,1,1030,117,No,Angle Property,AG,Rocket
9093,2023,3,16,945,5C,40.69220453,-75.54382902,10132,,,,A,F,4.1,G,GPS ACC,,915.84,HPAI Swab=Yes,Y,Y,Y,Y,Y,Y,Y,N,N,0,3,1130,45,No,Nemeth Hunting Property,AG,Rocket
9094,2023,3,16,945,5C,40.69220453,-75.54382902,10106,,,,A,F,4.7,G,GPS ACC,,915.13,HPAI Swab=Yes,Y,Y,Y,Y,Y,Y,Y,N,Y,0,3,1130,45,No,Nemeth Hunting Property,AG,Rocket
9095,2023,3,16,945,5C,40.69220453,-75.54382902,10108,,,,A,F,4.1,G,GPS ACC,,915.17,HPAI Swab=Yes,Y,Y,Y,Y,Y,Y,Y,N,Y,0,3,1130,45,No,Nemeth Hunting Property,AG,Rocket
9096,2023,3,16,945,5C,40.69220453,-75.54382902,10110,,,,J,F,3.3,G,GPS ACC,,915.21,HPAI Swab=Yes,Y,Y,Y,Y,Y,Y,Y,N,N,0,3,1130,45,No,Nemeth Hunting Property,AG,Rocket
